[ N 2026-01-30 09:17:55.1973 50393/T1 age/Wat/WatchdogMain.cpp:1365 ]: Starting Passenger watchdog...
[ N 2026-01-30 09:17:55.2139 50397/T1 age/Cor/CoreMain.cpp:1284 ]: Starting Passenger core...
[ N 2026-01-30 09:17:55.2145 50397/T1 age/Cor/CoreMain.cpp:245 ]: Passenger core running in multi-application mode.
[ N 2026-01-30 09:17:55.2261 50397/T1 age/Cor/CoreMain.cpp:962 ]: Passenger core online, PID 50397
[ N 2026-01-30 09:17:58.0924 50397/T6 age/Cor/SecurityUpdateChecker.h:519 ]: Security update check: no update found (next check in 24 hours)
App 50434 output: Error: The application encountered the following error: The `cable` database is not configured for the `production` environment.
App 50434 output: 
App 50434 output:   Available database configurations are:
App 50434 output: 
App 50434 output:   default
App 50434 output: development
App 50434 output: test
App 50434 output: production
App 50434 output:  (ActiveRecord::AdapterNotSpecified)
App 50434 output:     /home/deployer/.rbenv/versions/3.2.2/lib/ruby/gems/3.2.0/gems/activerecord-8.0.2/lib/active_record/database_configurations.rb:229:in `resolve_symbol_connection'
App 50434 output:     /home/deployer/.rbenv/versions/3.2.2/lib/ruby/gems/3.2.0/gems/activerecord-8.0.2/lib/active_record/database_configurations.rb:179:in `resolve'
App 50434 output:     /home/deployer/.rbenv/versions/3.2.2/lib/ruby/gems/3.2.0/gems/activerecord-8.0.2/lib/active_record/connection_handling.rb:391:in `resolve_config_for_connection'
App 50434 output:     /home/deployer/.rbenv/versions/3.2.2/lib/ruby/gems/3.2.0/gems/activerecord-8.0.2/lib/active_record/connection_handling.rb:100:in `block (2 levels) in connects_to'
App 50434 output:     /home/deployer/.rbenv/versions/3.2.2/lib/ruby/gems/3.2.0/gems/activerecord-8.0.2/lib/active_record/connection_handling.rb:99:in `each'
App 50434 output:     /home/deployer/.rbenv/versions/3.2.2/lib/ruby/gems/3.2.0/gems/activerecord-8.0.2/lib/active_record/connection_handling.rb:99:in `block in connects_to'
App 50434 output:     /home/deployer/.rbenv/versions/3.2.2/lib/ruby/gems/3.2.0/gems/activerecord-8.0.2/lib/active_record/connection_handling.rb:98:in `each'
App 50434 output:     /home/deployer/.rbenv/versions/3.2.2/lib/ruby/gems/3.2.0/gems/activerecord-8.0.2/lib/active_record/connection_handling.rb:98:in `connects_to'
App 50434 output:     /home/deployer/.rbenv/versions/3.2.2/lib/ruby/gems/3.2.0/gems/solid_cable-3.0.11/app/models/solid_cable/record.rb:7:in `<class:Record>'
App 50434 output:     /home/deployer/.rbenv/versions/3.2.2/lib/ruby/gems/3.2.0/gems/solid_cable-3.0.11/app/models/solid_cable/record.rb:4:in `<module:SolidCable>'
App 50434 output:     /home/deployer/.rbenv/versions/3.2.2/lib/ruby/gems/3.2.0/gems/solid_cable-3.0.11/app/models/solid_cable/record.rb:3:in `<main>'
App 50434 output:     <internal:/home/deployer/.rbenv/versions/3.2.2/lib/ruby/3.2.0/rubygems/core_ext/kernel_require.rb>:37:in `require'
App 50434 output:     <internal:/home/deployer/.rbenv/versions/3.2.2/lib/ruby/3.2.0/rubygems/core_ext/kernel_require.rb>:37:in `require'
App 50434 output:     /home/deployer/.rbenv/versions/3.2.2/lib/ruby/gems/3.2.0/gems/bootsnap-1.18.6/lib/bootsnap/load_path_cache/core_ext/kernel_require.rb:30:in `require'
App 50434 output:     /home/deployer/.rbenv/versions/3.2.2/lib/ruby/gems/3.2.0/gems/zeitwerk-2.7.3/lib/zeitwerk/core_ext/kernel.rb:26:in `require'
App 50434 output:     /home/deployer/.rbenv/versions/3.2.2/lib/ruby/gems/3.2.0/gems/solid_cable-3.0.11/app/models/solid_cable/message.rb:4:in `<module:SolidCable>'
App 50434 output:     /home/deployer/.rbenv/versions/3.2.2/lib/ruby/gems/3.2.0/gems/solid_cable-3.0.11/app/models/solid_cable/message.rb:3:in `<main>'
App 50434 output:     <internal:/home/deployer/.rbenv/versions/3.2.2/lib/ruby/3.2.0/rubygems/core_ext/kernel_require.rb>:37:in `require'
App 50434 output:     <internal:/home/deployer/.rbenv/versions/3.2.2/lib/ruby/3.2.0/rubygems/core_ext/kernel_require.rb>:37:in `require'
App 50434 output:     /home/deployer/.rbenv/versions/3.2.2/lib/ruby/gems/3.2.0/gems/bootsnap-1.18.6/lib/bootsnap/load_path_cache/core_ext/kernel_require.rb:30:in `require'
App 50434 output:     /home/deployer/.rbenv/versions/3.2.2/lib/ruby/gems/3.2.0/gems/zeitwerk-2.7.3/lib/zeitwerk/core_ext/kernel.rb:26:in `require'
App 50434 output:     /home/deployer/.rbenv/versions/3.2.2/lib/ruby/gems/3.2.0/gems/zeitwerk-2.7.3/lib/zeitwerk/cref.rb:62:in `const_get'
App 50434 output:     /home/deployer/.rbenv/versions/3.2.2/lib/ruby/gems/3.2.0/gems/zeitwerk-2.7.3/lib/zeitwerk/cref.rb:62:in `get'
App 50434 output:     /home/deployer/.rbenv/versions/3.2.2/lib/ruby/gems/3.2.0/gems/zeitwerk-2.7.3/lib/zeitwerk/loader/eager_load.rb:173:in `block in actual_eager_load_dir'
App 50434 output:     /home/deployer/.rbenv/versions/3.2.2/lib/ruby/gems/3.2.0/gems/zeitwerk-2.7.3/lib/zeitwerk/loader/helpers.rb:47:in `block in ls'
App 50434 output:     /home/deployer/.rbenv/versions/3.2.2/lib/ruby/gems/3.2.0/gems/zeitwerk-2.7.3/lib/zeitwerk/loader/helpers.rb:25:in `each'
App 50434 output:     /home/deployer/.rbenv/versions/3.2.2/lib/ruby/gems/3.2.0/gems/zeitwerk-2.7.3/lib/zeitwerk/loader/helpers.rb:25:in `ls'
App 50434 output:     /home/deployer/.rbenv/versions/3.2.2/lib/ruby/gems/3.2.0/gems/zeitwerk-2.7.3/lib/zeitwerk/loader/eager_load.rb:168:in `actual_eager_load_dir'
App 50434 output:     /home/deployer/.rbenv/versions/3.2.2/lib/ruby/gems/3.2.0/gems/zeitwerk-2.7.3/lib/zeitwerk/loader/eager_load.rb:17:in `block (2 levels) in eager_load'
App 50434 output:     /home/deployer/.rbenv/versions/3.2.2/lib/ruby/gems/3.2.0/gems/zeitwerk-2.7.3/lib/zeitwerk/loader/eager_load.rb:16:in `each'
App 50434 output:     /home/deployer/.rbenv/versions/3.2.2/lib/ruby/gems/3.2.0/gems/zeitwerk-2.7.3/lib/zeitwerk/loader/eager_load.rb:16:in `block in eager_load'
App 50434 output:     /home/deployer/.rbenv/versions/3.2.2/lib/ruby/gems/3.2.0/gems/zeitwerk-2.7.3/lib/zeitwerk/loader/eager_load.rb:10:in `synchronize'
App 50434 output:     /home/deployer/.rbenv/versions/3.2.2/lib/ruby/gems/3.2.0/gems/zeitwerk-2.7.3/lib/zeitwerk/loader/eager_load.rb:10:in `eager_load'
App 50434 output:     /home/deployer/.rbenv/versions/3.2.2/lib/ruby/gems/3.2.0/gems/zeitwerk-2.7.3/lib/zeitwerk/loader.rb:431:in `block in eager_load_all'
App 50434 output:     /home/deployer/.rbenv/versions/3.2.2/lib/ruby/gems/3.2.0/gems/zeitwerk-2.7.3/lib/zeitwerk/registry/loaders.rb:10:in `each'
App 50434 output:     /home/deployer/.rbenv/versions/3.2.2/lib/ruby/gems/3.2.0/gems/zeitwerk-2.7.3/lib/zeitwerk/registry/loaders.rb:10:in `each'
App 50434 output:     /home/deployer/.rbenv/versions/3.2.2/lib/ruby/gems/3.2.0/gems/zeitwerk-2.7.3/lib/zeitwerk/loader.rb:429:in `eager_load_all'
App 50434 output:     /home/deployer/.rbenv/versions/3.2.2/lib/ruby/gems/3.2.0/gems/railties-8.0.2/lib/rails/application/finisher.rb:79:in `block in <module:Finisher>'
App 50434 output:     /home/deployer/.rbenv/versions/3.2.2/lib/ruby/gems/3.2.0/gems/railties-8.0.2/lib/rails/initializable.rb:32:in `instance_exec'
App 50434 output:     /home/deployer/.rbenv/versions/3.2.2/lib/ruby/gems/3.2.0/gems/railties-8.0.2/lib/rails/initializable.rb:32:in `run'
App 50434 output:     /home/deployer/.rbenv/versions/3.2.2/lib/ruby/gems/3.2.0/gems/railties-8.0.2/lib/rails/initializable.rb:61:in `block in run_initializers'
App 50434 output:     /home/deployer/.rbenv/versions/3.2.2/lib/ruby/3.2.0/tsort.rb:228:in `block in tsort_each'
App 50434 output:     /home/deployer/.rbenv/versions/3.2.2/lib/ruby/3.2.0/tsort.rb:350:in `block (2 levels) in each_strongly_connected_component'
App 50434 output:     /home/deployer/.rbenv/versions/3.2.2/lib/ruby/3.2.0/tsort.rb:431:in `each_strongly_connected_component_from'
App 50434 output:     /home/deployer/.rbenv/versions/3.2.2/lib/ruby/3.2.0/tsort.rb:349:in `block in each_strongly_connected_component'
App 50434 output:     /home/deployer/.rbenv/versions/3.2.2/lib/ruby/3.2.0/tsort.rb:347:in `each'
App 50434 output:     /home/deployer/.rbenv/versions/3.2.2/lib/ruby/3.2.0/tsort.rb:347:in `call'
App 50434 output:     /home/deployer/.rbenv/versions/3.2.2/lib/ruby/3.2.0/tsort.rb:347:in `each_strongly_connected_component'
App 50434 output:     /home/deployer/.rbenv/versions/3.2.2/lib/ruby/3.2.0/tsort.rb:226:in `tsort_each'
App 50434 output:     /home/deployer/.rbenv/versions/3.2.2/lib/ruby/3.2.0/tsort.rb:205:in `tsort_each'
App 50434 output:     /home/deployer/.rbenv/versions/3.2.2/lib/ruby/gems/3.2.0/gems/railties-8.0.2/lib/rails/initializable.rb:60:in `run_initializers'
App 50434 output:     /home/deployer/.rbenv/versions/3.2.2/lib/ruby/gems/3.2.0/gems/railties-8.0.2/lib/rails/application.rb:440:in `initialize!'
App 50434 output:     /home/deployer/anamika1016/config/environment.rb:5:in `<top (required)>'
App 50434 output:     config.ru:3:in `require_relative'
App 50434 output:     config.ru:3:in `block in <main>'
App 50434 output:     /home/deployer/.rbenv/versions/3.2.2/lib/ruby/gems/3.2.0/gems/rack-3.1.16/lib/rack/builder.rb:124:in `instance_eval'
App 50434 output:     /home/deployer/.rbenv/versions/3.2.2/lib/ruby/gems/3.2.0/gems/rack-3.1.16/lib/rack/builder.rb:124:in `initialize'
App 50434 output:     config.ru:1:in `new'
App 50434 output:     config.ru:1:in `<main>'
App 50434 output:     /home/deployer/.rbenv/versions/3.2.2/lib/ruby/gems/3.2.0/gems/passenger-6.1.1/src/helper-scripts/rack-preloader.rb:101:in `eval'
App 50434 output:     /home/deployer/.rbenv/versions/3.2.2/lib/ruby/gems/3.2.0/gems/passenger-6.1.1/src/helper-scripts/rack-preloader.rb:101:in `preload_app'
App 50434 output:     /home/deployer/.rbenv/versions/3.2.2/lib/ruby/gems/3.2.0/gems/passenger-6.1.1/src/helper-scripts/rack-preloader.rb:189:in `block in <module:App>'
App 50434 output:     /home/deployer/.rbenv/versions/3.2.2/lib/ruby/gems/3.2.0/gems/passenger-6.1.1/src/ruby_supportlib/phusion_passenger/loader_shared_helpers.rb:399:in `run_block_and_record_step_progress'
App 50434 output:     /home/deployer/.rbenv/versions/3.2.2/lib/ruby/gems/3.2.0/gems/passenger-6.1.1/src/helper-scripts/rack-preloader.rb:188:in `<module:App>'
App 50434 output:     /home/deployer/.rbenv/versions/3.2.2/lib/ruby/gems/3.2.0/gems/passenger-6.1.1/src/helper-scripts/rack-preloader.rb:30:in `<module:PhusionPassenger>'
App 50434 output:     /home/deployer/.rbenv/versions/3.2.2/lib/ruby/gems/3.2.0/ge
App 50434 output: ms/passenger-6.1.1/src/helper-scripts/rack-preloader.rb:29:in `<main>'
[ E 2026-01-30 09:18:00.8586 50397/Tg age/Cor/App/Implementation.cpp:218 ]: Could not spawn process for application /home/deployer/anamika1016: The application encountered the following error: The `cable` database is not configured for the `production` environment.

  Available database configurations are:

  default
development
test
production
 (ActiveRecord::AdapterNotSpecified)
  Error ID: c757d41a
  Error details saved to: /tmp/passenger-error-9xMkw3.html

[ E 2026-01-30 09:18:00.8610 50397/T9 age/Cor/Con/CheckoutSession.cpp:368 ]: [Client 1-1] Cannot checkout session because a spawning error occurred. The identifier of the error is c757d41a. Please see earlier logs for details about the error.

[ N 2026-01-30 09:19:09.2904 50397/T9 age/Cor/CoreMain.cpp:659 ]: Signal received. Gracefully shutting down... (send signal 2 more time(s) to force shutdown)
[ N 2026-01-30 09:19:09.2904 50397/T1 age/Cor/CoreMain.cpp:1192 ]: Received command to shutdown gracefully. Waiting until all clients have disconnected...
[ N 2026-01-30 09:19:09.2904 50397/T9 Ser/Server.h:895 ]: [ServerThr.1] Freed 0 spare client objects
[ N 2026-01-30 09:19:09.2904 50397/T9 Ser/Server.h:552 ]: [ServerThr.1] Shutdown finished
[ N 2026-01-30 09:19:09.2906 50397/Tb Ser/Server.h:895 ]: [ServerThr.2] Freed 0 spare client objects
[ N 2026-01-30 09:19:09.2906 50397/Tb Ser/Server.h:552 ]: [ServerThr.2] Shutdown finished
[ N 2026-01-30 09:19:09.2906 50397/Td Ser/Server.h:895 ]: [ApiServer] Freed 0 spare client objects
[ N 2026-01-30 09:19:09.2906 50397/Td Ser/Server.h:552 ]: [ApiServer] Shutdown finished
[ N 2026-01-30 09:19:10.1921 50397/T1 age/Cor/CoreMain.cpp:1269 ]: Passenger core shutdown finished
[ N 2026-01-30 09:23:58.7606 51169/T1 age/Wat/WatchdogMain.cpp:1365 ]: Starting Passenger watchdog...
[ N 2026-01-30 09:23:58.7756 51173/T1 age/Cor/CoreMain.cpp:1284 ]: Starting Passenger core...
[ N 2026-01-30 09:23:58.7758 51173/T1 age/Cor/CoreMain.cpp:245 ]: Passenger core running in multi-application mode.
[ N 2026-01-30 09:23:58.7821 51173/T1 age/Cor/CoreMain.cpp:962 ]: Passenger core online, PID 51173
[ N 2026-01-30 09:24:01.6176 51173/T6 age/Cor/SecurityUpdateChecker.h:519 ]: Security update check: no update found (next check in 24 hours)
App 51207 output: Error: The application encountered the following error: The `cable` database is not configured for the `production` environment.
App 51207 output: 
App 51207 output:   Available database configurations are:
App 51207 output: 
App 51207 output:   default
App 51207 output: development
App 51207 output: test
App 51207 output: production
App 51207 output:  (ActiveRecord::AdapterNotSpecified)
App 51207 output:     /home/deployer/.rbenv/versions/3.2.2/lib/ruby/gems/3.2.0/gems/activerecord-8.0.2/lib/active_record/database_configurations.rb:229:in `resolve_symbol_connection'
App 51207 output:     /home/deployer/.rbenv/versions/3.2.2/lib/ruby/gems/3.2.0/gems/activerecord-8.0.2/lib/active_record/database_configurations.rb:179:in `resolve'
App 51207 output:     /home/deployer/.rbenv/versions/3.2.2/lib/ruby/gems/3.2.0/gems/activerecord-8.0.2/lib/active_record/connection_handling.rb:391:in `resolve_config_for_connection'
App 51207 output:     /home/deployer/.rbenv/versions/3.2.2/lib/ruby/gems/3.2.0/gems/activerecord-8.0.2/lib/active_record/connection_handling.rb:100:in `block (2 levels) in connects_to'
App 51207 output:     /home/deployer/.rbenv/versions/3.2.2/lib/ruby/gems/3.2.0/gems/activerecord-8.0.2/lib/active_record/connection_handling.rb:99:in `each'
App 51207 output:     /home/deployer/.rbenv/versions/3.2.2/lib/ruby/gems/3.2.0/gems/activerecord-8.0.2/lib/active_record/connection_handling.rb:99:in `block in connects_to'
App 51207 output:     /home/deployer/.rbenv/versions/3.2.2/lib/ruby/gems/3.2.0/gems/activerecord-8.0.2/lib/active_record/connection_handling.rb:98:in `each'
App 51207 output:     /home/deployer/.rbenv/versions/3.2.2/lib/ruby/gems/3.2.0/gems/activerecord-8.0.2/lib/active_record/connection_handling.rb:98:in `connects_to'
App 51207 output:     /home/deployer/.rbenv/versions/3.2.2/lib/ruby/gems/3.2.0/gems/solid_cable-3.0.11/app/models/solid_cable/record.rb:7:in `<class:Record>'
App 51207 output:     /home/deployer/.rbenv/versions/3.2.2/lib/ruby/gems/3.2.0/gems/solid_cable-3.0.11/app/models/solid_cable/record.rb:4:in `<module:SolidCable>'
App 51207 output:     /home/deployer/.rbenv/versions/3.2.2/lib/ruby/gems/3.2.0/gems/solid_cable-3.0.11/app/models/solid_cable/record.rb:3:in `<main>'
App 51207 output:     <internal:/home/deployer/.rbenv/versions/3.2.2/lib/ruby/3.2.0/rubygems/core_ext/kernel_require.rb>:37:in `require'
App 51207 output:     <internal:/home/deployer/.rbenv/versions/3.2.2/lib/ruby/3.2.0/rubygems/core_ext/kernel_require.rb>:37:in `require'
App 51207 output:     /home/deployer/.rbenv/versions/3.2.2/lib/ruby/gems/3.2.0/gems/bootsnap-1.18.6/lib/bootsnap/load_path_cache/core_ext/kernel_require.rb:30:in `require'
App 51207 output:     /home/deployer/.rbenv/versions/3.2.2/lib/ruby/gems/3.2.0/gems/zeitwerk-2.7.3/lib/zeitwerk/core_ext/kernel.rb:26:in `require'
App 51207 output:     /home/deployer/.rbenv/versions/3.2.2/lib/ruby/gems/3.2.0/gems/solid_cable-3.0.11/app/models/solid_cable/message.rb:4:in `<module:SolidCable>'
App 51207 output:     /home/deployer/.rbenv/versions/3.2.2/lib/ruby/gems/3.2.0/gems/solid_cable-3.0.11/app/models/solid_cable/message.rb:3:in `<main>'
App 51207 output:     <internal:/home/deployer/.rbenv/versions/3.2.2/lib/ruby/3.2.0/rubygems/core_ext/kernel_require.rb>:37:in `require'
App 51207 output:     <internal:/home/deployer/.rbenv/versions/3.2.2/lib/ruby/3.2.0/rubygems/core_ext/kernel_require.rb>:37:in `require'
App 51207 output:     /home/deployer/.rbenv/versions/3.2.2/lib/ruby/gems/3.2.0/gems/bootsnap-1.18.6/lib/bootsnap/load_path_cache/core_ext/kernel_require.rb:30:in `require'
App 51207 output:     /home/deployer/.rbenv/versions/3.2.2/lib/ruby/gems/3.2.0/gems/zeitwerk-2.7.3/lib/zeitwerk/core_ext/kernel.rb:26:in `require'
App 51207 output:     /home/deployer/.rbenv/versions/3.2.2/lib/ruby/gems/3.2.0/gems/zeitwerk-2.7.3/lib/zeitwerk/cref.rb:62:in `const_get'
App 51207 output:     /home/deployer/.rbenv/versions/3.2.2/lib/ruby/gems/3.2.0/gems/zeitwerk-2.7.3/lib/zeitwerk/cref.rb:62:in `get'
App 51207 output:     /home/deployer/.rbenv/versions/3.2.2/lib/ruby/gems/3.2.0/gems/zeitwerk-2.7.3/lib/zeitwerk/loader/eager_load.rb:173:in `block in actual_eager_load_dir'
App 51207 output:     /home/deployer/.rbenv/versions/3.2.2/lib/ruby/gems/3.2.0/gems/zeitwerk-2.7.3/lib/zeitwerk/loader/helpers.rb:47:in `block in ls'
App 51207 output:     /home/deployer/.rbenv/versions/3.2.2/lib/ruby/gems/3.2.0/gems/zeitwerk-2.7.3/lib/zeitwerk/loader/helpers.rb:25:in `each'
App 51207 output:     /home/deployer/.rbenv/versions/3.2.2/lib/ruby/gems/3.2.0/gems/zeitwerk-2.7.3/lib/zeitwerk/loader/helpers.rb:25:in `ls'
App 51207 output:     /home/deployer/.rbenv/versions/3.2.2/lib/ruby/gems/3.2.0/gems/zeitwerk-2.7.3/lib/zeitwerk/loader/eager_load.rb:168:in `actual_eager_load_dir'
App 51207 output:     /home/deployer/.rbenv/versions/3.2.2/lib/ruby/gems/3.2.0/gems/zeitwerk-2.7.3/lib/zeitwerk/loader/eager_load.rb:17:in `block (2 levels) in eager_load'
App 51207 output:     /home/deployer/.rbenv/versions/3.2.2/lib/ruby/gems/3.2.0/gems/zeitwerk-2.7.3/lib/zeitwerk/loader/eager_load.rb:16:in `each'
App 51207 output:     /home/deployer/.rbenv/versions/3.2.2/lib/ruby/gems/3.2.0/gems/zeitwerk-2.7.3/lib/zeitwerk/loader/eager_load.rb:16:in `block in eager_load'
App 51207 output:     /home/deployer/.rbenv/versions/3.2.2/lib/ruby/gems/3.2.0/gems/zeitwerk-2.7.3/lib/zeitwerk/loader/eager_load.rb:10:in `synchronize'
App 51207 output:     /home/deployer/.rbenv/versions/3.2.2/lib/ruby/gems/3.2.0/gems/zeitwerk-2.7.3/lib/zeitwerk/loader/eager_load.rb:10:in `eager_load'
App 51207 output:     /home/deployer/.rbenv/versions/3.2.2/lib/ruby/gems/3.2.0/gems/zeitwerk-2.7.3/lib/zeitwerk/loader.rb:431:in `block in eager_load_all'
App 51207 output:     /home/deployer/.rbenv/versions/3.2.2/lib/ruby/gems/3.2.0/gems/zeitwerk-2.7.3/lib/zeitwerk/registry/loaders.rb:10:in `each'
App 51207 output:     /home/deployer/.rbenv/versions/3.2.2/lib/ruby/gems/3.2.0/gems/zeitwerk-2.7.3/lib/zeitwerk/registry/loaders.rb:10:in `each'
App 51207 output:     /home/deployer/.rbenv/versions/3.2.2/lib/ruby/gems/3.2.0/gems/zeitwerk-2.7.3/lib/zeitwerk/loader.rb:429:in `eager_load_all'
App 51207 output:     /home/deployer/.rbenv/versions/3.2.2/lib/ruby/gems/3.2.0/gems/railties-8.0.2/lib/rails/application/finisher.rb:79:in `block in <module:Finisher>'
App 51207 output:     /home/deployer/.rbenv/versions/3.2.2/lib/ruby/gems/3.2.0/gems/railties-8.0.2/lib/rails/initializable.rb:32:in `instance_exec'
App 51207 output:     /home/deployer/.rbenv/versions/3.2.2/lib/ruby/gems/3.2.0/gems/railties-8.0.2/lib/rails/initializable.rb:32:in `run'
App 51207 output:     /home/deployer/.rbenv/versions/3.2.2/lib/ruby/gems/3.2.0/gems/railties-8.0.2/lib/rails/initializable.rb:61:in `block in run_initializers'
App 51207 output:     /home/deployer/.rbenv/versions/3.2.2/lib/ruby/3.2.0/tsort.rb:228:in `block in tsort_each'
App 51207 output:     /home/deployer/.rbenv/versions/3.2.2/lib/ruby/3.2.0/tsort.rb:350:in `block (2 levels) in each_strongly_connected_component'
App 51207 output:     /home/deployer/.rbenv/versions/3.2.2/lib/ruby/3.2.0/tsort.rb:431:in `each_strongly_connected_component_from'
App 51207 output:     /home/deployer/.rbenv/versions/3.2.2/lib/ruby/3.2.0/tsort.rb:349:in `block in each_strongly_connected_component'
App 51207 output:     /home/deployer/.rbenv/versions/3.2.2/lib/ruby/3.2.0/tsort.rb:347:in `each'
App 51207 output:     /home/deployer/.rbenv/versions/3.2.2/lib/ruby/3.2.0/tsort.rb:347:in `call'
App 51207 output:     /home/deployer/.rbenv/versions/3.2.2/lib/ruby/3.2.0/tsort.rb:347:in `each_strongly_connected_component'
App 51207 output:     /home/deployer/.rbenv/versions/3.2.2/lib/ruby/3.2.0/tsort.rb:226:in `tsort_each'
App 51207 output:     /home/deployer/.rbenv/versions/3.2.2/lib/ruby/3.2.0/tsort.rb:205:in `tsort_each'
App 51207 output:     /home/deployer/.rbenv/versions/3.2.2/lib/ruby/gems/3.2.0/gems/railties-8.0.2/lib/rails/initializable.rb:60:in `run_initializers'
App 51207 output:     /home/deployer/.rbenv/versions/3.2.2/lib/ruby/gems/3.2.0/gems/railties-8.0.2/lib/rails/application.rb:440:in `initialize!'
App 51207 output:     /home/deployer/anamika1016/config/environment.rb:5:in `<top (required)>'
App 51207 output:     config.ru:3:in `require_relative'
App 51207 output:     config.ru:3:in `block in <main>'
App 51207 output:     /home/deployer/.rbenv/versions/3.2.2/lib/ruby/gems/3.2.0/gems/rack-3.1.16/lib/rack/builder.rb:124:in `instance_eval'
App 51207 output:     /home/deployer/.rbenv/versions/3.2.2/lib/ruby/gems/3.2.0/gems/rack-3.1.16/lib/rack/builder.rb:124:in `initialize'
App 51207 output:     config.ru:1:in `new'
App 51207 output:     config.ru:1:in `<main>'
App 51207 output:     /home/deployer/.rbenv/versions/3.2.2/lib/ruby/gems/3.2.0/gems/passenger-6.1.1/src/helper-scripts/rack-preloader.rb:101:in `eval'
App 51207 output:     /home/deployer/.rbenv/versions/3.2.2/lib/ruby/gems/3.2.0/gems/passenger-6.1.1/src/helper-scripts/rack-preloader.rb:101:in `preload_app'
App 51207 output:     /home/deployer/.rbenv/versions/3.2.2/lib/ruby/gems/3.2.0/gems/passenger-6.1.1/src/helper-scripts/rack-preloader.rb:189:in `block in <module:App>'
App 51207 output:     /home/deployer/.rbenv/versions/3.2.2/lib/ruby/gems/3.2.0/gems/passenger-6.1.1/src/ruby_supportlib/phusion_passenger/loader_shared_helpers.rb:399:in `run_block_and_record_step_progress'
App 51207 output:     /home/deployer/.rbenv/versions/3.2.2/lib/ruby/gems/3.2.0/gems/passenger-6.1.1/src/helper-scripts/rack-prel
App 51207 output: oader.rb:188:in `<module:App>'
App 51207 output:     /home/deployer/.rbenv/versions/3.2.2/lib/ruby/gems/3.2.0/gems/passenger-6.1.1/src/helper-scripts/rack-preloader.rb:30:in `<module:PhusionPassenger>'
App 51207 output:     /home/deployer/.rbenv/versions/3.2.2/lib/ruby/gems/3.2.0/gems/passenger-6.1.1/src/helper-scripts/rack-preloader.rb:29:in `<main>'
[ E 2026-01-30 09:24:02.4144 51173/Tg age/Cor/App/Implementation.cpp:218 ]: Could not spawn process for application /home/deployer/anamika1016: The application encountered the following error: The `cable` database is not configured for the `production` environment.

  Available database configurations are:

  default
development
test
production
 (ActiveRecord::AdapterNotSpecified)
  Error ID: 2de70152
  Error details saved to: /tmp/passenger-error-pxSPpj.html

[ E 2026-01-30 09:24:02.4166 51173/T9 age/Cor/Con/CheckoutSession.cpp:368 ]: [Client 1-1] Cannot checkout session because a spawning error occurred. The identifier of the error is 2de70152. Please see earlier logs for details about the error.
App 51250 output: Error: The application encountered the following error: The `cable` database is not configured for the `production` environment.
App 51250 output: 
App 51250 output:   Available database configurations are:
App 51250 output: 
App 51250 output:   default
App 51250 output: development
App 51250 output: test
App 51250 output: production
App 51250 output:  (ActiveRecord::AdapterNotSpecified)
App 51250 output:     /home/deployer/.rbenv/versions/3.2.2/lib/ruby/gems/3.2.0/gems/activerecord-8.0.2/lib/active_record/database_configurations.rb:229:in `resolve_symbol_connection'
App 51250 output:     /home/deployer/.rbenv/versions/3.2.2/lib/ruby/gems/3.2.0/gems/activerecord-8.0.2/lib/active_record/database_configurations.rb:179:in `resolve'
App 51250 output:     /home/deployer/.rbenv/versions/3.2.2/lib/ruby/gems/3.2.0/gems/activerecord-8.0.2/lib/active_record/connection_handling.rb:391:in `resolve_config_for_connection'
App 51250 output:     /home/deployer/.rbenv/versions/3.2.2/lib/ruby/gems/3.2.0/gems/activerecord-8.0.2/lib/active_record/connection_handling.rb:100:in `block (2 levels) in connects_to'
App 51250 output:     /home/deployer/.rbenv/versions/3.2.2/lib/ruby/gems/3.2.0/gems/activerecord-8.0.2/lib/active_record/connection_handling.rb:99:in `each'
App 51250 output:     /home/deployer/.rbenv/versions/3.2.2/lib/ruby/gems/3.2.0/gems/activerecord-8.0.2/lib/active_record/connection_handling.rb:99:in `block in connects_to'
App 51250 output:     /home/deployer/.rbenv/versions/3.2.2/lib/ruby/gems/3.2.0/gems/activerecord-8.0.2/lib/active_record/connection_handling.rb:98:in `each'
App 51250 output:     /home/deployer/.rbenv/versions/3.2.2/lib/ruby/gems/3.2.0/gems/activerecord-8.0.2/lib/active_record/connection_handling.rb:98:in `connects_to'
App 51250 output:     /home/deployer/.rbenv/versions/3.2.2/lib/ruby/gems/3.2.0/gems/solid_cable-3.0.11/app/models/solid_cable/record.rb:7:in `<class:Record>'
App 51250 output:     /home/deployer/.rbenv/versions/3.2.2/lib/ruby/gems/3.2.0/gems/solid_cable-3.0.11/app/models/solid_cable/record.rb:4:in `<module:SolidCable>'
App 51250 output:     /home/deployer/.rbenv/versions/3.2.2/lib/ruby/gems/3.2.0/gems/solid_cable-3.0.11/app/models/solid_cable/record.rb:3:in `<main>'
App 51250 output:     <internal:/home/deployer/.rbenv/versions/3.2.2/lib/ruby/3.2.0/rubygems/core_ext/kernel_require.rb>:37:in `require'
App 51250 output:     <internal:/home/deployer/.rbenv/versions/3.2.2/lib/ruby/3.2.0/rubygems/core_ext/kernel_require.rb>:37:in `require'
App 51250 output:     /home/deployer/.rbenv/versions/3.2.2/lib/ruby/gems/3.2.0/gems/bootsnap-1.18.6/lib/bootsnap/load_path_cache/core_ext/kernel_require.rb:30:in `require'
App 51250 output:     /home/deployer/.rbenv/versions/3.2.2/lib/ruby/gems/3.2.0/gems/zeitwerk-2.7.3/lib/zeitwerk/core_ext/kernel.rb:26:in `require'
App 51250 output:     /home/deployer/.rbenv/versions/3.2.2/lib/ruby/gems/3.2.0/gems/solid_cable-3.0.11/app/models/solid_cable/message.rb:4:in `<module:SolidCable>'
App 51250 output:     /home/deployer/.rbenv/versions/3.2.2/lib/ruby/gems/3.2.0/gems/solid_cable-3.0.11/app/models/solid_cable/message.rb:3:in `<main>'
App 51250 output:     <internal:/home/deployer/.rbenv/versions/3.2.2/lib/ruby/3.2.0/rubygems/core_ext/kernel_require.rb>:37:in `require'
App 51250 output:     <internal:/home/deployer/.rbenv/versions/3.2.2/lib/ruby/3.2.0/rubygems/core_ext/kernel_require.rb>:37:in `require'
App 51250 output:     /home/deployer/.rbenv/versions/3.2.2/lib/ruby/gems/3.2.0/gems/bootsnap-1.18.6/lib/bootsnap/load_path_cache/core_ext/kernel_require.rb:30:in `require'
App 51250 output:     /home/deployer/.rbenv/versions/3.2.2/lib/ruby/gems/3.2.0/gems/zeitwerk-2.7.3/lib/zeitwerk/core_ext/kernel.rb:26:in `require'
App 51250 output:     /home/deployer/.rbenv/versions/3.2.2/lib/ruby/gems/3.2.0/gems/zeitwerk-2.7.3/lib/zeitwerk/cref.rb:62:in `const_get'
App 51250 output:     /home/deployer/.rbenv/versions/3.2.2/lib/ruby/gems/3.2.0/gems/zeitwerk-2.7.3/lib/zeitwerk/cref.rb:62:in `get'
App 51250 output:     /home/deployer/.rbenv/versions/3.2.2/lib/ruby/gems/3.2.0/gems/zeitwerk-2.7.3/lib/zeitwerk/loader/eager_load.rb:173:in `block in actual_eager_load_dir'
App 51250 output:     /home/deployer/.rbenv/versions/3.2.2/lib/ruby/gems/3.2.0/gems/zeitwerk-2.7.3/lib/zeitwerk/loader/helpers.rb:47:in `block in ls'
App 51250 output:     /home/deployer/.rbenv/versions/3.2.2/lib/ruby/gems/3.2.0/gems/zeitwerk-2.7.3/lib/zeitwerk/loader/helpers.rb:25:in `each'
App 51250 output:     /home/deployer/.rbenv/versions/3.2.2/lib/ruby/gems/3.2.0/gems/zeitwerk-2.7.3/lib/zeitwerk/loader/helpers.rb:25:in `ls'
App 51250 output:     /home/deployer/.rbenv/versions/3.2.2/lib/ruby/gems/3.2.0/gems/zeitwerk-2.7.3/lib/zeitwerk/loader/eager_load.rb:168:in `actual_eager_load_dir'
App 51250 output:     /home/deployer/.rbenv/versions/3.2.2/lib/ruby/gems/3.2.0/gems/zeitwerk-2.7.3/lib/zeitwerk/loader/eager_load.rb:17:in `block (2 levels) in eager_load'
App 51250 output:     /home/deployer/.rbenv/versions/3.2.2/lib/ruby/gems/3.2.0/gems/zeitwerk-2.7.3/lib/zeitwerk/loader/eager_load.rb:16:in `each'
App 51250 output:     /home/deployer/.rbenv/versions/3.2.2/lib/ruby/gems/3.2.0/gems/zeitwerk-2.7.3/lib/zeitwerk/loader/eager_load.rb:16:in `block in eager_load'
App 51250 output:     /home/deployer/.rbenv/versions/3.2.2/lib/ruby/gems/3.2.0/gems/zeitwerk-2.7.3/lib/zeitwerk/loader/eager_load.rb:10:in `synchronize'
App 51250 output:     /home/deployer/.rbenv/versions/3.2.2/lib/ruby/gems/3.2.0/gems/zeitwerk-2.7.3/lib/zeitwerk/loader/eager_load.rb:10:in `eager_load'
App 51250 output:     /home/deployer/.rbenv/versions/3.2.2/lib/ruby/gems/3.2.0/gems/zeitwerk-2.7.3/lib/zeitwerk/loader.rb:431:in `block in eager_load_all'
App 51250 output:     /home/deployer/.rbenv/versions/3.2.2/lib/ruby/gems/3.2.0/gems/zeitwerk-2.7.3/lib/zeitwerk/registry/loaders.rb:10:in `each'
App 51250 output:     /home/deployer/.rbenv/versions/3.2.2/lib/ruby/gems/3.2.0/gems/zeitwerk-2.7.3/lib/zeitwerk/registry/loaders.rb:10:in `each'
App 51250 output:     /home/deployer/.rbenv/versions/3.2.2/lib/ruby/gems/3.2.0/gems/zeitwerk-2.7.3/lib/zeitwerk/loader.rb:429:in `eager_load_all'
App 51250 output:     /home/deployer/.rbenv/versions/3.2.2/lib/ruby/gems/3.2.0/gems/railties-8.0.2/lib/rails/application/finisher.rb:79:in `block in <module:Finisher>'
App 51250 output:     /home/deployer/.rbenv/versions/3.2.2/lib/ruby/gems/3.2.0/gems/railties-8.0.2/lib/rails/initializable.rb:32:in `instance_exec'
App 51250 output:     /home/deployer/.rbenv/versions/3.2.2/lib/ruby/gems/3.2.0/gems/railties-8.0.2/lib/rails/initializable.rb:32:in `run'
App 51250 output:     /home/deployer/.rbenv/versions/3.2.2/lib/ruby/gems/3.2.0/gems/railties-8.0.2/lib/rails/initializable.rb:61:in `block in run_initializers'
App 51250 output:     /home/deployer/.rbenv/versions/3.2.2/lib/ruby/3.2.0/tsort.rb:228:in `block in tsort_each'
App 51250 output:     /home/deployer/.rbenv/versions/3.2.2/lib/ruby/3.2.0/tsort.rb:350:in `block (2 levels) in each_strongly_connected_component'
App 51250 output:     /home/deployer/.rbenv/versions/3.2.2/lib/ruby/3.2.0/tsort.rb:431:in `each_strongly_connected_component_from'
App 51250 output:     /home/deployer/.rbenv/versions/3.2.2/lib/ruby/3.2.0/tsort.rb:349:in `block in each_strongly_connected_component'
App 51250 output:     /home/deployer/.rbenv/versions/3.2.2/lib/ruby/3.2.0/tsort.rb:347:in `each'
App 51250 output:     /home/deployer/.rbenv/versions/3.2.2/lib/ruby/3.2.0/tsort.rb:347:in `call'
App 51250 output:     /home/deployer/.rbenv/versions/3.2.2/lib/ruby/3.2.0/tsort.rb:347:in `each_strongly_connected_component'
App 51250 output:     /home/deployer/.rbenv/versions/3.2.2/lib/ruby/3.2.0/tsort.rb:226:in `tsort_each'
App 51250 output:     /home/deployer/.rbenv/versions/3.2.2/lib/ruby/3.2.0/tsort.rb:205:in `tsort_each'
App 51250 output:     /home/deployer/.rbenv/versions/3.2.2/lib/ruby/gems/3.2.0/gems/railties-8.0.2/lib/rails/initializable.rb:60:in `run_initializers'
App 51250 output:     /home/deployer/.rbenv/versions/3.2.2/lib/ruby/gems/3.2.0/gems/railties-8.0.2/lib/rails/application.rb:440:in `initialize!'
App 51250 output:     /home/deployer/anamika1016/config/environment.rb:5:in `<top (required)>'
App 51250 output:     config.ru:3:in `require_relative'
App 51250 output:     config.ru:3:in `block in <main>'
App 51250 output:     /home/deployer/.rbenv/versions/3.2.2/lib/ruby/gems/3.2.0/gems/rack-3.1.16/lib/rack/builder.rb:124:in `instance_eval'
App 51250 output:     /home/deployer/.rbenv/versions/3.2.2/lib/ruby/gems/3.2.0/gems/rack-3.1.16/lib/rack/builder.rb:124:in `initialize'
App 51250 output:     config.ru:1:in `new'
App 51250 output:     config.ru:1:in `<main>'
App 51250 output:     /home/deployer/.rbenv/versions/3.2.2/lib/ruby/gems/3.2.0/gems/passenger-6.1.1/src/helper-scripts/rack-preloader.rb:101:in `eval'
App 51250 output:     /home/deployer/.rbenv/versions/3.2.2/lib/ruby/gems/3.2.0/gems/passenger-6.1.1/src/helper-scripts/rack-preloader.rb:101:in `preload_app'
App 51250 output:     /home/deployer/.rbenv/versions/3.2.2/lib/ruby/gems/3.2.0/gems/passenger-6.1.1/src/helper-scripts/rack-preloader.rb:189:in `block in <module:App>'
App 51250 output:     /home/deployer/.rbenv/versions/3.2.2/lib/ruby/gems/3.2.0/gems/passenger-6.1.1/src/ruby_supportlib/phusion_passenger/loader_shared_helpers.rb:399:in `run_block_and_record_step_progress'
App 51250 output:     /home/deployer/.rbenv/versions/3.2.2/lib/ruby/gems/3.2.0/gems/passenger-6.1.1/src/helper-scripts/rack-preloader.rb:188:in `<module:App>'
App 51250 output:     /home/deployer/.rbenv/versions/3.2.2/lib/ruby/gems/3.2.0/gems/passenger-6.1.1/src/helper-scripts/rack-preloader.rb:30:in `<module:PhusionPassenger>'
App 51250 output:     /home/deployer/.rbenv/versions/3.2.2/lib/ruby/gems/3.2.0/ge
App 51250 output: ms/passenger-6.1.1/src/helper-scripts/rack-preloader.rb:29:in `<main>'
[ E 2026-01-30 09:24:58.1161 51173/Tl age/Cor/App/Implementation.cpp:218 ]: Could not spawn process for application /home/deployer/anamika1016: The application encountered the following error: The `cable` database is not configured for the `production` environment.

  Available database configurations are:

  default
development
test
production
 (ActiveRecord::AdapterNotSpecified)
  Error ID: 025e8cd7
  Error details saved to: /tmp/passenger-error-SJ8HM2.html

[ E 2026-01-30 09:24:58.1179 51173/Tb age/Cor/Con/CheckoutSession.cpp:368 ]: [Client 2-1] Cannot checkout session because a spawning error occurred. The identifier of the error is 025e8cd7. Please see earlier logs for details about the error.
App 51289 output: Error: The application encountered the following error: The `cable` database is not configured for the `production` environment.
App 51289 output: 
App 51289 output:   Available database configurations are:
App 51289 output: 
App 51289 output:   default
App 51289 output: development
App 51289 output: test
App 51289 output: production
App 51289 output:  (ActiveRecord::AdapterNotSpecified)
App 51289 output:     /home/deployer/.rbenv/versions/3.2.2/lib/ruby/gems/3.2.0/gems/activerecord-8.0.2/lib/active_record/database_configurations.rb:229:in `resolve_symbol_connection'
App 51289 output:     /home/deployer/.rbenv/versions/3.2.2/lib/ruby/gems/3.2.0/gems/activerecord-8.0.2/lib/active_record/database_configurations.rb:179:in `resolve'
App 51289 output:     /home/deployer/.rbenv/versions/3.2.2/lib/ruby/gems/3.2.0/gems/activerecord-8.0.2/lib/active_record/connection_handling.rb:391:in `resolve_config_for_connection'
App 51289 output:     /home/deployer/.rbenv/versions/3.2.2/lib/ruby/gems/3.2.0/gems/activerecord-8.0.2/lib/active_record/connection_handling.rb:100:in `block (2 levels) in connects_to'
App 51289 output:     /home/deployer/.rbenv/versions/3.2.2/lib/ruby/gems/3.2.0/gems/activerecord-8.0.2/lib/active_record/connection_handling.rb:99:in `each'
App 51289 output:     /home/deployer/.rbenv/versions/3.2.2/lib/ruby/gems/3.2.0/gems/activerecord-8.0.2/lib/active_record/connection_handling.rb:99:in `block in connects_to'
App 51289 output:     /home/deployer/.rbenv/versions/3.2.2/lib/ruby/gems/3.2.0/gems/activerecord-8.0.2/lib/active_record/connection_handling.rb:98:in `each'
App 51289 output:     /home/deployer/.rbenv/versions/3.2.2/lib/ruby/gems/3.2.0/gems/activerecord-8.0.2/lib/active_record/connection_handling.rb:98:in `connects_to'
App 51289 output:     /home/deployer/.rbenv/versions/3.2.2/lib/ruby/gems/3.2.0/gems/solid_cable-3.0.11/app/models/solid_cable/record.rb:7:in `<class:Record>'
App 51289 output:     /home/deployer/.rbenv/versions/3.2.2/lib/ruby/gems/3.2.0/gems/solid_cable-3.0.11/app/models/solid_cable/record.rb:4:in `<module:SolidCable>'
App 51289 output:     /home/deployer/.rbenv/versions/3.2.2/lib/ruby/gems/3.2.0/gems/solid_cable-3.0.11/app/models/solid_cable/record.rb:3:in `<main>'
App 51289 output:     <internal:/home/deployer/.rbenv/versions/3.2.2/lib/ruby/3.2.0/rubygems/core_ext/kernel_require.rb>:37:in `require'
App 51289 output:     <internal:/home/deployer/.rbenv/versions/3.2.2/lib/ruby/3.2.0/rubygems/core_ext/kernel_require.rb>:37:in `require'
App 51289 output:     /home/deployer/.rbenv/versions/3.2.2/lib/ruby/gems/3.2.0/gems/bootsnap-1.18.6/lib/bootsnap/load_path_cache/core_ext/kernel_require.rb:30:in `require'
App 51289 output:     /home/deployer/.rbenv/versions/3.2.2/lib/ruby/gems/3.2.0/gems/zeitwerk-2.7.3/lib/zeitwerk/core_ext/kernel.rb:26:in `require'
App 51289 output:     /home/deployer/.rbenv/versions/3.2.2/lib/ruby/gems/3.2.0/gems/solid_cable-3.0.11/app/models/solid_cable/message.rb:4:in `<module:SolidCable>'
App 51289 output:     /home/deployer/.rbenv/versions/3.2.2/lib/ruby/gems/3.2.0/gems/solid_cable-3.0.11/app/models/solid_cable/message.rb:3:in `<main>'
App 51289 output:     <internal:/home/deployer/.rbenv/versions/3.2.2/lib/ruby/3.2.0/rubygems/core_ext/kernel_require.rb>:37:in `require'
App 51289 output:     <internal:/home/deployer/.rbenv/versions/3.2.2/lib/ruby/3.2.0/rubygems/core_ext/kernel_require.rb>:37:in `require'
App 51289 output:     /home/deployer/.rbenv/versions/3.2.2/lib/ruby/gems/3.2.0/gems/bootsnap-1.18.6/lib/bootsnap/load_path_cache/core_ext/kernel_require.rb:30:in `require'
App 51289 output:     /home/deployer/.rbenv/versions/3.2.2/lib/ruby/gems/3.2.0/gems/zeitwerk-2.7.3/lib/zeitwerk/core_ext/kernel.rb:26:in `require'
App 51289 output:     /home/deployer/.rbenv/versions/3.2.2/lib/ruby/gems/3.2.0/gems/zeitwerk-2.7.3/lib/zeitwerk/cref.rb:62:in `const_get'
App 51289 output:     /home/deployer/.rbenv/versions/3.2.2/lib/ruby/gems/3.2.0/gems/zeitwerk-2.7.3/lib/zeitwerk/cref.rb:62:in `get'
App 51289 output:     /home/deployer/.rbenv/versions/3.2.2/lib/ruby/gems/3.2.0/gems/zeitwerk-2.7.3/lib/zeitwerk/loader/eager_load.rb:173:in `block in actual_eager_load_dir'
App 51289 output:     /home/deployer/.rbenv/versions/3.2.2/lib/ruby/gems/3.2.0/gems/zeitwerk-2.7.3/lib/zeitwerk/loader/helpers.rb:47:in `block in ls'
App 51289 output:     /home/deployer/.rbenv/versions/3.2.2/lib/ruby/gems/3.2.0/gems/zeitwerk-2.7.3/lib/zeitwerk/loader/helpers.rb:25:in `each'
App 51289 output:     /home/deployer/.rbenv/versions/3.2.2/lib/ruby/gems/3.2.0/gems/zeitwerk-2.7.3/lib/zeitwerk/loader/helpers.rb:25:in `ls'
App 51289 output:     /home/deployer/.rbenv/versions/3.2.2/lib/ruby/gems/3.2.0/gems/zeitwerk-2.7.3/lib/zeitwerk/loader/eager_load.rb:168:in `actual_eager_load_dir'
App 51289 output:     /home/deployer/.rbenv/versions/3.2.2/lib/ruby/gems/3.2.0/gems/zeitwerk-2.7.3/lib/zeitwerk/loader/eager_load.rb:17:in `block (2 levels) in eager_load'
App 51289 output:     /home/deployer/.rbenv/versions/3.2.2/lib/ruby/gems/3.2.0/gems/zeitwerk-2.7.3/lib/zeitwerk/loader/eager_load.rb:16:in `each'
App 51289 output:     /home/deployer/.rbenv/versions/3.2.2/lib/ruby/gems/3.2.0/gems/zeitwerk-2.7.3/lib/zeitwerk/loader/eager_load.rb:16:in `block in eager_load'
App 51289 output:     /home/deployer/.rbenv/versions/3.2.2/lib/ruby/gems/3.2.0/gems/zeitwerk-2.7.3/lib/zeitwerk/loader/eager_load.rb:10:in `synchronize'
App 51289 output:     /home/deployer/.rbenv/versions/3.2.2/lib/ruby/gems/3.2.0/gems/zeitwerk-2.7.3/lib/zeitwerk/loader/eager_load.rb:10:in `eager_load'
App 51289 output:     /home/deployer/.rbenv/versions/3.2.2/lib/ruby/gems/3.2.0/gems/zeitwerk-2.7.3/lib/zeitwerk/loader.rb:431:in `block in eager_load_all'
App 51289 output:     /home/deployer/.rbenv/versions/3.2.2/lib/ruby/gems/3.2.0/gems/zeitwerk-2.7.3/lib/zeitwerk/registry/loaders.rb:10:in `each'
App 51289 output:     /home/deployer/.rbenv/versions/3.2.2/lib/ruby/gems/3.2.0/gems/zeitwerk-2.7.3/lib/zeitwerk/registry/loaders.rb:10:in `each'
App 51289 output:     /home/deployer/.rbenv/versions/3.2.2/lib/ruby/gems/3.2.0/gems/zeitwerk-2.7.3/lib/zeitwerk/loader.rb:429:in `eager_load_all'
App 51289 output:     /home/deployer/.rbenv/versions/3.2.2/lib/ruby/gems/3.2.0/gems/railties-8.0.2/lib/rails/application/finisher.rb:79:in `block in <module:Finisher>'
App 51289 output:     /home/deployer/.rbenv/versions/3.2.2/lib/ruby/gems/3.2.0/gems/railties-8.0.2/lib/rails/initializable.rb:32:in `instance_exec'
App 51289 output:     /home/deployer/.rbenv/versions/3.2.2/lib/ruby/gems/3.2.0/gems/railties-8.0.2/lib/rails/initializable.rb:32:in `run'
App 51289 output:     /home/deployer/.rbenv/versions/3.2.2/lib/ruby/gems/3.2.0/gems/railties-8.0.2/lib/rails/initializable.rb:61:in `block in run_initializers'
App 51289 output:     /home/deployer/.rbenv/versions/3.2.2/lib/ruby/3.2.0/tsort.rb:228:in `block in tsort_each'
App 51289 output:     /home/deployer/.rbenv/versions/3.2.2/lib/ruby/3.2.0/tsort.rb:350:in `block (2 levels) in each_strongly_connected_component'
App 51289 output:     /home/deployer/.rbenv/versions/3.2.2/lib/ruby/3.2.0/tsort.rb:431:in `each_strongly_connected_component_from'
App 51289 output:     /home/deployer/.rbenv/versions/3.2.2/lib/ruby/3.2.0/tsort.rb:349:in `block in each_strongly_connected_component'
App 51289 output:     /home/deployer/.rbenv/versions/3.2.2/lib/ruby/3.2.0/tsort.rb:347:in `each'
App 51289 output:     /home/deployer/.rbenv/versions/3.2.2/lib/ruby/3.2.0/tsort.rb:347:in `call'
App 51289 output:     /home/deployer/.rbenv/versions/3.2.2/lib/ruby/3.2.0/tsort.rb:347:in `each_strongly_connected_component'
App 51289 output:     /home/deployer/.rbenv/versions/3.2.2/lib/ruby/3.2.0/tsort.rb:226:in `tsort_each'
App 51289 output:     /home/deployer/.rbenv/versions/3.2.2/lib/ruby/3.2.0/tsort.rb:205:in `tsort_each'
App 51289 output:     /home/deployer/.rbenv/versions/3.2.2/lib/ruby/gems/3.2.0/gems/railties-8.0.2/lib/rails/initializable.rb:60:in `run_initializers'
App 51289 output:     /home/deployer/.rbenv/versions/3.2.2/lib/ruby/gems/3.2.0/gems/railties-8.0.2/lib/rails/application.rb:440:in `initialize!'
App 51289 output:     /home/deployer/anamika1016/config/environment.rb:5:in `<top (required)>'
App 51289 output:     config.ru:3:in `require_relative'
App 51289 output:     config.ru:3:in `block in <main>'
App 51289 output:     /home/deployer/.rbenv/versions/3.2.2/lib/ruby/gems/3.2.0/gems/rack-3.1.16/lib/rack/builder.rb:124:in `instance_eval'
App 51289 output:     /home/deployer/.rbenv/versions/3.2.2/lib/ruby/gems/3.2.0/gems/rack-3.1.16/lib/rack/builder.rb:124:in `initialize'
App 51289 output:     config.ru:1:in `new'
App 51289 output:     config.ru:1:in `<main>'
App 51289 output:     /home/deployer/.rbenv/versions/3.2.2/lib/ruby/gems/3.2.0/gems/passenger-6.1.1/src/helper-scripts/rack-preloader.rb:101:in `eval'
App 51289 output:     /home/deployer/.rbenv/versions/3.2.2/lib/ruby/gems/3.2.0/gems/passenger-6.1.1/src/helper-scripts/rack-preloader.rb:101:in `preload_app'
App 51289 output:     /home/deployer/.rbenv/versions/3.2.2/lib/ruby/gems/3.2.0/gems/passenger-6.1.1/src/helper-scripts/rack-preloader.rb:189:in `block in <module:App>'
App 51289 output:     /home/deployer/.rbenv/versions/3.2.2/lib/ruby/gems/3.2.0/gems/passenger-6.1.1/src/ruby_supportlib/phusion_passenger/loader_shared_helpers.rb:399:in `run_block_and_record_step_progress'
App 51289 output:     /home/deployer/.rbenv/versions/3.2.2/lib/ruby/gems/3.2.0/gems/passenger-6.1.1/src/helper-scripts/rack-preloader.rb:188:in `<module:App>'
App 51289 output:     /home/deployer/.rbenv/versions/3.2.2/lib/ruby/gems/3.2.0/gems/passenger-6.1.1/src/helper-scripts/rack-preloader.rb:30:in `<module:PhusionPassenger>'
App 51289 output:     /home/deployer/.rbenv/versions/3.2.2/lib/ruby/gems/3.2.0/ge
App 51289 output: ms/passenger-6.1.1/src/helper-scripts/rack-preloader.rb:29:in `<main>'
[ E 2026-01-30 09:24:59.6082 51173/Tq age/Cor/App/Implementation.cpp:218 ]: Could not spawn process for application /home/deployer/anamika1016: The application encountered the following error: The `cable` database is not configured for the `production` environment.

  Available database configurations are:

  default
development
test
production
 (ActiveRecord::AdapterNotSpecified)
  Error ID: 775063ff
  Error details saved to: /tmp/passenger-error-4oJIbz.html

[ E 2026-01-30 09:24:59.6101 51173/T9 age/Cor/Con/CheckoutSession.cpp:368 ]: [Client 1-2] Cannot checkout session because a spawning error occurred. The identifier of the error is 775063ff. Please see earlier logs for details about the error.
App 51353 output: Error: The application encountered the following error: The `cable` database is not configured for the `production` environment.
App 51353 output: 
App 51353 output:   Available database configurations are:
App 51353 output: 
App 51353 output:   default
App 51353 output: development
App 51353 output: test
App 51353 output: production
App 51353 output:  (ActiveRecord::AdapterNotSpecified)
App 51353 output:     /home/deployer/.rbenv/versions/3.2.2/lib/ruby/gems/3.2.0/gems/activerecord-8.0.2/lib/active_record/database_configurations.rb:229:in `resolve_symbol_connection'
App 51353 output:     /home/deployer/.rbenv/versions/3.2.2/lib/ruby/gems/3.2.0/gems/activerecord-8.0.2/lib/active_record/database_configurations.rb:179:in `resolve'
App 51353 output:     /home/deployer/.rbenv/versions/3.2.2/lib/ruby/gems/3.2.0/gems/activerecord-8.0.2/lib/active_record/connection_handling.rb:391:in `resolve_config_for_connection'
App 51353 output:     /home/deployer/.rbenv/versions/3.2.2/lib/ruby/gems/3.2.0/gems/activerecord-8.0.2/lib/active_record/connection_handling.rb:100:in `block (2 levels) in connects_to'
App 51353 output:     /home/deployer/.rbenv/versions/3.2.2/lib/ruby/gems/3.2.0/gems/activerecord-8.0.2/lib/active_record/connection_handling.rb:99:in `each'
App 51353 output:     /home/deployer/.rbenv/versions/3.2.2/lib/ruby/gems/3.2.0/gems/activerecord-8.0.2/lib/active_record/connection_handling.rb:99:in `block in connects_to'
App 51353 output:     /home/deployer/.rbenv/versions/3.2.2/lib/ruby/gems/3.2.0/gems/activerecord-8.0.2/lib/active_record/connection_handling.rb:98:in `each'
App 51353 output:     /home/deployer/.rbenv/versions/3.2.2/lib/ruby/gems/3.2.0/gems/activerecord-8.0.2/lib/active_record/connection_handling.rb:98:in `connects_to'
App 51353 output:     /home/deployer/.rbenv/versions/3.2.2/lib/ruby/gems/3.2.0/gems/solid_cable-3.0.11/app/models/solid_cable/record.rb:7:in `<class:Record>'
App 51353 output:     /home/deployer/.rbenv/versions/3.2.2/lib/ruby/gems/3.2.0/gems/solid_cable-3.0.11/app/models/solid_cable/record.rb:4:in `<module:SolidCable>'
App 51353 output:     /home/deployer/.rbenv/versions/3.2.2/lib/ruby/gems/3.2.0/gems/solid_cable-3.0.11/app/models/solid_cable/record.rb:3:in `<main>'
App 51353 output:     <internal:/home/deployer/.rbenv/versions/3.2.2/lib/ruby/3.2.0/rubygems/core_ext/kernel_require.rb>:37:in `require'
App 51353 output:     <internal:/home/deployer/.rbenv/versions/3.2.2/lib/ruby/3.2.0/rubygems/core_ext/kernel_require.rb>:37:in `require'
App 51353 output:     /home/deployer/.rbenv/versions/3.2.2/lib/ruby/gems/3.2.0/gems/bootsnap-1.18.6/lib/bootsnap/load_path_cache/core_ext/kernel_require.rb:30:in `require'
App 51353 output:     /home/deployer/.rbenv/versions/3.2.2/lib/ruby/gems/3.2.0/gems/zeitwerk-2.7.3/lib/zeitwerk/core_ext/kernel.rb:26:in `require'
App 51353 output:     /home/deployer/.rbenv/versions/3.2.2/lib/ruby/gems/3.2.0/gems/solid_cable-3.0.11/app/models/solid_cable/message.rb:4:in `<module:SolidCable>'
App 51353 output:     /home/deployer/.rbenv/versions/3.2.2/lib/ruby/gems/3.2.0/gems/solid_cable-3.0.11/app/models/solid_cable/message.rb:3:in `<main>'
App 51353 output:     <internal:/home/deployer/.rbenv/versions/3.2.2/lib/ruby/3.2.0/rubygems/core_ext/kernel_require.rb>:37:in `require'
App 51353 output:     <internal:/home/deployer/.rbenv/versions/3.2.2/lib/ruby/3.2.0/rubygems/core_ext/kernel_require.rb>:37:in `require'
App 51353 output:     /home/deployer/.rbenv/versions/3.2.2/lib/ruby/gems/3.2.0/gems/bootsnap-1.18.6/lib/bootsnap/load_path_cache/core_ext/kernel_require.rb:30:in `require'
App 51353 output:     /home/deployer/.rbenv/versions/3.2.2/lib/ruby/gems/3.2.0/gems/zeitwerk-2.7.3/lib/zeitwerk/core_ext/kernel.rb:26:in `require'
App 51353 output:     /home/deployer/.rbenv/versions/3.2.2/lib/ruby/gems/3.2.0/gems/zeitwerk-2.7.3/lib/zeitwerk/cref.rb:62:in `const_get'
App 51353 output:     /home/deployer/.rbenv/versions/3.2.2/lib/ruby/gems/3.2.0/gems/zeitwerk-2.7.3/lib/zeitwerk/cref.rb:62:in `get'
App 51353 output:     /home/deployer/.rbenv/versions/3.2.2/lib/ruby/gems/3.2.0/gems/zeitwerk-2.7.3/lib/zeitwerk/loader/eager_load.rb:173:in `block in actual_eager_load_dir'
App 51353 output:     /home/deployer/.rbenv/versions/3.2.2/lib/ruby/gems/3.2.0/gems/zeitwerk-2.7.3/lib/zeitwerk/loader/helpers.rb:47:in `block in ls'
App 51353 output:     /home/deployer/.rbenv/versions/3.2.2/lib/ruby/gems/3.2.0/gems/zeitwerk-2.7.3/lib/zeitwerk/loader/helpers.rb:25:in `each'
App 51353 output:     /home/deployer/.rbenv/versions/3.2.2/lib/ruby/gems/3.2.0/gems/zeitwerk-2.7.3/lib/zeitwerk/loader/helpers.rb:25:in `ls'
App 51353 output:     /home/deployer/.rbenv/versions/3.2.2/lib/ruby/gems/3.2.0/gems/zeitwerk-2.7.3/lib/zeitwerk/loader/eager_load.rb:168:in `actual_eager_load_dir'
App 51353 output:     /home/deployer/.rbenv/versions/3.2.2/lib/ruby/gems/3.2.0/gems/zeitwerk-2.7.3/lib/zeitwerk/loader/eager_load.rb:17:in `block (2 levels) in eager_load'
App 51353 output:     /home/deployer/.rbenv/versions/3.2.2/lib/ruby/gems/3.2.0/gems/zeitwerk-2.7.3/lib/zeitwerk/loader/eager_load.rb:16:in `each'
App 51353 output:     /home/deployer/.rbenv/versions/3.2.2/lib/ruby/gems/3.2.0/gems/zeitwerk-2.7.3/lib/zeitwerk/loader/eager_load.rb:16:in `block in eager_load'
App 51353 output:     /home/deployer/.rbenv/versions/3.2.2/lib/ruby/gems/3.2.0/gems/zeitwerk-2.7.3/lib/zeitwerk/loader/eager_load.rb:10:in `synchronize'
App 51353 output:     /home/deployer/.rbenv/versions/3.2.2/lib/ruby/gems/3.2.0/gems/zeitwerk-2.7.3/lib/zeitwerk/loader/eager_load.rb:10:in `eager_load'
App 51353 output:     /home/deployer/.rbenv/versions/3.2.2/lib/ruby/gems/3.2.0/gems/zeitwerk-2.7.3/lib/zeitwerk/loader.rb:431:in `block in eager_load_all'
App 51353 output:     /home/deployer/.rbenv/versions/3.2.2/lib/ruby/gems/3.2.0/gems/zeitwerk-2.7.3/lib/zeitwerk/registry/loaders.rb:10:in `each'
App 51353 output:     /home/deployer/.rbenv/versions/3.2.2/lib/ruby/gems/3.2.0/gems/zeitwerk-2.7.3/lib/zeitwerk/registry/loaders.rb:10:in `each'
App 51353 output:     /home/deployer/.rbenv/versions/3.2.2/lib/ruby/gems/3.2.0/gems/zeitwerk-2.7.3/lib/zeitwerk/loader.rb:429:in `eager_load_all'
App 51353 output:     /home/deployer/.rbenv/versions/3.2.2/lib/ruby/gems/3.2.0/gems/railties-8.0.2/lib/rails/application/finisher.rb:79:in `block in <module:Finisher>'
App 51353 output:     /home/deployer/.rbenv/versions/3.2.2/lib/ruby/gems/3.2.0/gems/railties-8.0.2/lib/rails/initializable.rb:32:in `instance_exec'
App 51353 output:     /home/deployer/.rbenv/versions/3.2.2/lib/ruby/gems/3.2.0/gems/railties-8.0.2/lib/rails/initializable.rb:32:in `run'
App 51353 output:     /home/deployer/.rbenv/versions/3.2.2/lib/ruby/gems/3.2.0/gems/railties-8.0.2/lib/rails/initializable.rb:61:in `block in run_initializers'
App 51353 output:     /home/deployer/.rbenv/versions/3.2.2/lib/ruby/3.2.0/tsort.rb:228:in `block in tsort_each'
App 51353 output:     /home/deployer/.rbenv/versions/3.2.2/lib/ruby/3.2.0/tsort.rb:350:in `block (2 levels) in each_strongly_connected_component'
App 51353 output:     /home/deployer/.rbenv/versions/3.2.2/lib/ruby/3.2.0/tsort.rb:431:in `each_strongly_connected_component_from'
App 51353 output:     /home/deployer/.rbenv/versions/3.2.2/lib/ruby/3.2.0/tsort.rb:349:in `block in each_strongly_connected_component'
App 51353 output:     /home/deployer/.rbenv/versions/3.2.2/lib/ruby/3.2.0/tsort.rb:347:in `each'
App 51353 output:     /home/deployer/.rbenv/versions/3.2.2/lib/ruby/3.2.0/tsort.rb:347:in `call'
App 51353 output:     /home/deployer/.rbenv/versions/3.2.2/lib/ruby/3.2.0/tsort.rb:347:in `each_strongly_connected_component'
App 51353 output:     /home/deployer/.rbenv/versions/3.2.2/lib/ruby/3.2.0/tsort.rb:226:in `tsort_each'
App 51353 output:     /home/deployer/.rbenv/versions/3.2.2/lib/ruby/3.2.0/tsort.rb:205:in `tsort_each'
App 51353 output:     /home/deployer/.rbenv/versions/3.2.2/lib/ruby/gems/3.2.0/gems/railties-8.0.2/lib/rails/initializable.rb:60:in `run_initializers'
App 51353 output:     /home/deployer/.rbenv/versions/3.2.2/lib/ruby/gems/3.2.0/gems/railties-8.0.2/lib/rails/application.rb:440:in `initialize!'
App 51353 output:     /home/deployer/anamika1016/config/environment.rb:5:in `<top (required)>'
App 51353 output:     config.ru:3:in `require_relative'
App 51353 output:     config.ru:3:in `block in <main>'
App 51353 output:     /home/deployer/.rbenv/versions/3.2.2/lib/ruby/gems/3.2.0/gems/rack-3.1.16/lib/rack/builder.rb:124:in `instance_eval'
App 51353 output:     /home/deployer/.rbenv/versions/3.2.2/lib/ruby/gems/3.2.0/gems/rack-3.1.16/lib/rack/builder.rb:124:in `initialize'
App 51353 output:     config.ru:1:in `new'
App 51353 output:     config.ru:1:in `<main>'
App 51353 output:     /home/deployer/.rbenv/versions/3.2.2/lib/ruby/gems/3.2.0/gems/passenger-6.1.1/src/helper-scripts/rack-preloader.rb:101:in `eval'
App 51353 output:     /home/deployer/.rbenv/versions/3.2.2/lib/ruby/gems/3.2.0/gems/passenger-6.1.1/src/helper-scripts/rack-preloader.rb:101:in `preload_app'
App 51353 output:     /home/deployer/.rbenv/versions/3.2.2/lib/ruby/gems/3.2.0/gems/passenger-6.1.1/src/helper-scripts/rack-preloader.rb:189:in `block in <module:App>'
App 51353 output:     /home/deployer/.rbenv/versions/3.2.2/lib/ruby/gems/3.2.0/gems/passenger-6.1.1/src/ruby_supportlib/phusion_passenger/loader_shared_helpers.rb:399:in `run_block_and_record_step_progress'
App 51353 output:     /home/deployer/.rbenv/versions/3.2.2/lib/ruby/gems/3.2.0/gems/passenger-6.1.1/src/helper-scripts/rack-prel
App 51353 output: oader.rb:188:in `<module:App>'
App 51353 output:     /home/deployer/.rbenv/versions/3.2.2/lib/ruby/gems/3.2.0/gems/passenger-6.1.1/src/helper-scripts/rack-preloader.rb:30:in `<module:PhusionPassenger>'
App 51353 output:     /home/deployer/.rbenv/versions/3.2.2/lib/ruby/gems/3.2.0/gems/passenger-6.1.1/src/helper-scripts/rack-preloader.rb:29:in `<main>'
[ E 2026-01-30 09:26:41.6238 51173/Tv age/Cor/App/Implementation.cpp:218 ]: Could not spawn process for application /home/deployer/anamika1016: The application encountered the following error: The `cable` database is not configured for the `production` environment.

  Available database configurations are:

  default
development
test
production
 (ActiveRecord::AdapterNotSpecified)
  Error ID: 52270ef3
  Error details saved to: /tmp/passenger-error-sopjtp.html

[ E 2026-01-30 09:26:41.6256 51173/Tb age/Cor/Con/CheckoutSession.cpp:368 ]: [Client 2-2] Cannot checkout session because a spawning error occurred. The identifier of the error is 52270ef3. Please see earlier logs for details about the error.
App 51392 output: Error: The application encountered the following error: The `cable` database is not configured for the `production` environment.
App 51392 output: 
App 51392 output:   Available database configurations are:
App 51392 output: 
App 51392 output:   default
App 51392 output: development
App 51392 output: test
App 51392 output: production
App 51392 output:  (ActiveRecord::AdapterNotSpecified)
App 51392 output:     /home/deployer/.rbenv/versions/3.2.2/lib/ruby/gems/3.2.0/gems/activerecord-8.0.2/lib/active_record/database_configurations.rb:229:in `resolve_symbol_connection'
App 51392 output:     /home/deployer/.rbenv/versions/3.2.2/lib/ruby/gems/3.2.0/gems/activerecord-8.0.2/lib/active_record/database_configurations.rb:179:in `resolve'
App 51392 output:     /home/deployer/.rbenv/versions/3.2.2/lib/ruby/gems/3.2.0/gems/activerecord-8.0.2/lib/active_record/connection_handling.rb:391:in `resolve_config_for_connection'
App 51392 output:     /home/deployer/.rbenv/versions/3.2.2/lib/ruby/gems/3.2.0/gems/activerecord-8.0.2/lib/active_record/connection_handling.rb:100:in `block (2 levels) in connects_to'
App 51392 output:     /home/deployer/.rbenv/versions/3.2.2/lib/ruby/gems/3.2.0/gems/activerecord-8.0.2/lib/active_record/connection_handling.rb:99:in `each'
App 51392 output:     /home/deployer/.rbenv/versions/3.2.2/lib/ruby/gems/3.2.0/gems/activerecord-8.0.2/lib/active_record/connection_handling.rb:99:in `block in connects_to'
App 51392 output:     /home/deployer/.rbenv/versions/3.2.2/lib/ruby/gems/3.2.0/gems/activerecord-8.0.2/lib/active_record/connection_handling.rb:98:in `each'
App 51392 output:     /home/deployer/.rbenv/versions/3.2.2/lib/ruby/gems/3.2.0/gems/activerecord-8.0.2/lib/active_record/connection_handling.rb:98:in `connects_to'
App 51392 output:     /home/deployer/.rbenv/versions/3.2.2/lib/ruby/gems/3.2.0/gems/solid_cable-3.0.11/app/models/solid_cable/record.rb:7:in `<class:Record>'
App 51392 output:     /home/deployer/.rbenv/versions/3.2.2/lib/ruby/gems/3.2.0/gems/solid_cable-3.0.11/app/models/solid_cable/record.rb:4:in `<module:SolidCable>'
App 51392 output:     /home/deployer/.rbenv/versions/3.2.2/lib/ruby/gems/3.2.0/gems/solid_cable-3.0.11/app/models/solid_cable/record.rb:3:in `<main>'
App 51392 output:     <internal:/home/deployer/.rbenv/versions/3.2.2/lib/ruby/3.2.0/rubygems/core_ext/kernel_require.rb>:37:in `require'
App 51392 output:     <internal:/home/deployer/.rbenv/versions/3.2.2/lib/ruby/3.2.0/rubygems/core_ext/kernel_require.rb>:37:in `require'
App 51392 output:     /home/deployer/.rbenv/versions/3.2.2/lib/ruby/gems/3.2.0/gems/bootsnap-1.18.6/lib/bootsnap/load_path_cache/core_ext/kernel_require.rb:30:in `require'
App 51392 output:     /home/deployer/.rbenv/versions/3.2.2/lib/ruby/gems/3.2.0/gems/zeitwerk-2.7.3/lib/zeitwerk/core_ext/kernel.rb:26:in `require'
App 51392 output:     /home/deployer/.rbenv/versions/3.2.2/lib/ruby/gems/3.2.0/gems/solid_cable-3.0.11/app/models/solid_cable/message.rb:4:in `<module:SolidCable>'
App 51392 output:     /home/deployer/.rbenv/versions/3.2.2/lib/ruby/gems/3.2.0/gems/solid_cable-3.0.11/app/models/solid_cable/message.rb:3:in `<main>'
App 51392 output:     <internal:/home/deployer/.rbenv/versions/3.2.2/lib/ruby/3.2.0/rubygems/core_ext/kernel_require.rb>:37:in `require'
App 51392 output:     <internal:/home/deployer/.rbenv/versions/3.2.2/lib/ruby/3.2.0/rubygems/core_ext/kernel_require.rb>:37:in `require'
App 51392 output:     /home/deployer/.rbenv/versions/3.2.2/lib/ruby/gems/3.2.0/gems/bootsnap-1.18.6/lib/bootsnap/load_path_cache/core_ext/kernel_require.rb:30:in `require'
App 51392 output:     /home/deployer/.rbenv/versions/3.2.2/lib/ruby/gems/3.2.0/gems/zeitwerk-2.7.3/lib/zeitwerk/core_ext/kernel.rb:26:in `require'
App 51392 output:     /home/deployer/.rbenv/versions/3.2.2/lib/ruby/gems/3.2.0/gems/zeitwerk-2.7.3/lib/zeitwerk/cref.rb:62:in `const_get'
App 51392 output:     /home/deployer/.rbenv/versions/3.2.2/lib/ruby/gems/3.2.0/gems/zeitwerk-2.7.3/lib/zeitwerk/cref.rb:62:in `get'
App 51392 output:     /home/deployer/.rbenv/versions/3.2.2/lib/ruby/gems/3.2.0/gems/zeitwerk-2.7.3/lib/zeitwerk/loader/eager_load.rb:173:in `block in actual_eager_load_dir'
App 51392 output:     /home/deployer/.rbenv/versions/3.2.2/lib/ruby/gems/3.2.0/gems/zeitwerk-2.7.3/lib/zeitwerk/loader/helpers.rb:47:in `block in ls'
App 51392 output:     /home/deployer/.rbenv/versions/3.2.2/lib/ruby/gems/3.2.0/gems/zeitwerk-2.7.3/lib/zeitwerk/loader/helpers.rb:25:in `each'
App 51392 output:     /home/deployer/.rbenv/versions/3.2.2/lib/ruby/gems/3.2.0/gems/zeitwerk-2.7.3/lib/zeitwerk/loader/helpers.rb:25:in `ls'
App 51392 output:     /home/deployer/.rbenv/versions/3.2.2/lib/ruby/gems/3.2.0/gems/zeitwerk-2.7.3/lib/zeitwerk/loader/eager_load.rb:168:in `actual_eager_load_dir'
App 51392 output:     /home/deployer/.rbenv/versions/3.2.2/lib/ruby/gems/3.2.0/gems/zeitwerk-2.7.3/lib/zeitwerk/loader/eager_load.rb:17:in `block (2 levels) in eager_load'
App 51392 output:     /home/deployer/.rbenv/versions/3.2.2/lib/ruby/gems/3.2.0/gems/zeitwerk-2.7.3/lib/zeitwerk/loader/eager_load.rb:16:in `each'
App 51392 output:     /home/deployer/.rbenv/versions/3.2.2/lib/ruby/gems/3.2.0/gems/zeitwerk-2.7.3/lib/zeitwerk/loader/eager_load.rb:16:in `block in eager_load'
App 51392 output:     /home/deployer/.rbenv/versions/3.2.2/lib/ruby/gems/3.2.0/gems/zeitwerk-2.7.3/lib/zeitwerk/loader/eager_load.rb:10:in `synchronize'
App 51392 output:     /home/deployer/.rbenv/versions/3.2.2/lib/ruby/gems/3.2.0/gems/zeitwerk-2.7.3/lib/zeitwerk/loader/eager_load.rb:10:in `eager_load'
App 51392 output:     /home/deployer/.rbenv/versions/3.2.2/lib/ruby/gems/3.2.0/gems/zeitwerk-2.7.3/lib/zeitwerk/loader.rb:431:in `block in eager_load_all'
App 51392 output:     /home/deployer/.rbenv/versions/3.2.2/lib/ruby/gems/3.2.0/gems/zeitwerk-2.7.3/lib/zeitwerk/registry/loaders.rb:10:in `each'
App 51392 output:     /home/deployer/.rbenv/versions/3.2.2/lib/ruby/gems/3.2.0/gems/zeitwerk-2.7.3/lib/zeitwerk/registry/loaders.rb:10:in `each'
App 51392 output:     /home/deployer/.rbenv/versions/3.2.2/lib/ruby/gems/3.2.0/gems/zeitwerk-2.7.3/lib/zeitwerk/loader.rb:429:in `eager_load_all'
App 51392 output:     /home/deployer/.rbenv/versions/3.2.2/lib/ruby/gems/3.2.0/gems/railties-8.0.2/lib/rails/application/finisher.rb:79:in `block in <module:Finisher>'
App 51392 output:     /home/deployer/.rbenv/versions/3.2.2/lib/ruby/gems/3.2.0/gems/railties-8.0.2/lib/rails/initializable.rb:32:in `instance_exec'
App 51392 output:     /home/deployer/.rbenv/versions/3.2.2/lib/ruby/gems/3.2.0/gems/railties-8.0.2/lib/rails/initializable.rb:32:in `run'
App 51392 output:     /home/deployer/.rbenv/versions/3.2.2/lib/ruby/gems/3.2.0/gems/railties-8.0.2/lib/rails/initializable.rb:61:in `block in run_initializers'
App 51392 output:     /home/deployer/.rbenv/versions/3.2.2/lib/ruby/3.2.0/tsort.rb:228:in `block in tsort_each'
App 51392 output:     /home/deployer/.rbenv/versions/3.2.2/lib/ruby/3.2.0/tsort.rb:350:in `block (2 levels) in each_strongly_connected_component'
App 51392 output:     /home/deployer/.rbenv/versions/3.2.2/lib/ruby/3.2.0/tsort.rb:431:in `each_strongly_connected_component_from'
App 51392 output:     /home/deployer/.rbenv/versions/3.2.2/lib/ruby/3.2.0/tsort.rb:349:in `block in each_strongly_connected_component'
App 51392 output:     /home/deployer/.rbenv/versions/3.2.2/lib/ruby/3.2.0/tsort.rb:347:in `each'
App 51392 output:     /home/deployer/.rbenv/versions/3.2.2/lib/ruby/3.2.0/tsort.rb:347:in `call'
App 51392 output:     /home/deployer/.rbenv/versions/3.2.2/lib/ruby/3.2.0/tsort.rb:347:in `each_strongly_connected_component'
App 51392 output:     /home/deployer/.rbenv/versions/3.2.2/lib/ruby/3.2.0/tsort.rb:226:in `tsort_each'
App 51392 output:     /home/deployer/.rbenv/versions/3.2.2/lib/ruby/3.2.0/tsort.rb:205:in `tsort_each'
App 51392 output:     /home/deployer/.rbenv/versions/3.2.2/lib/ruby/gems/3.2.0/gems/railties-8.0.2/lib/rails/initializable.rb:60:in `run_initializers'
App 51392 output:     /home/deployer/.rbenv/versions/3.2.2/lib/ruby/gems/3.2.0/gems/railties-8.0.2/lib/rails/application.rb:440:in `initialize!'
App 51392 output:     /home/deployer/anamika1016/config/environment.rb:5:in `<top (required)>'
App 51392 output:     config.ru:3:in `require_relative'
App 51392 output:     config.ru:3:in `block in <main>'
App 51392 output:     /home/deployer/.rbenv/versions/3.2.2/lib/ruby/gems/3.2.0/gems/rack-3.1.16/lib/rack/builder.rb:124:in `instance_eval'
App 51392 output:     /home/deployer/.rbenv/versions/3.2.2/lib/ruby/gems/3.2.0/gems/rack-3.1.16/lib/rack/builder.rb:124:in `initialize'
App 51392 output:     config.ru:1:in `new'
App 51392 output:     config.ru:1:in `<main>'
App 51392 output:     /home/deployer/.rbenv/versions/3.2.2/lib/ruby/gems/3.2.0/gems/passenger-6.1.1/src/helper-scripts/rack-preloader.rb:101:in `eval'
App 51392 output:     /home/deployer/.rbenv/versions/3.2.2/lib/ruby/gems/3.2.0/gems/passenger-6.1.1/src/helper-scripts/rack-preloader.rb:101:in `preload_app'
App 51392 output:     /home/deployer/.rbenv/versions/3.2.2/lib/ruby/gems/3.2.0/gems/passenger-6.1.1/src/helper-scripts/rack-preloader.rb:189:in `block in <module:App>'
App 51392 output:     /home/deployer/.rbenv/versions/3.2.2/lib/ruby/gems/3.2.0/gems/passenger-6.1.1/src/ruby_supportlib/phusion_passenger/loader_shared_helpers.rb:399:in `run_block_and_record_step_progress'
App 51392 output:     /home/deployer/.rbenv/versions/3.2.2/lib/ruby/gems/3.2.0/gems/passenger-6.1.1/src/helper-scripts/rack-preloader.rb:188:in `<module:App>'
App 51392 output:     /home/deployer/.rbenv/versions/3.2.2/lib/ruby/gems/3.2.0/gems/passenger-6.1.1/src/helper-scripts/rack-preloader.rb:30:in `<module:PhusionPassenger>'
App 51392 output:     /home/deployer/.rbenv/versions/3.2.2/lib/ruby/gems/3.2.0/ge
App 51392 output: ms/passenger-6.1.1/src/helper-scripts/rack-preloader.rb:29:in `<main>'
[ E 2026-01-30 09:26:43.4601 51173/T10 age/Cor/App/Implementation.cpp:218 ]: Could not spawn process for application /home/deployer/anamika1016: The application encountered the following error: The `cable` database is not configured for the `production` environment.

  Available database configurations are:

  default
development
test
production
 (ActiveRecord::AdapterNotSpecified)
  Error ID: f3b40952
  Error details saved to: /tmp/passenger-error-YFiX78.html

[ E 2026-01-30 09:26:43.4619 51173/T9 age/Cor/Con/CheckoutSession.cpp:368 ]: [Client 1-3] Cannot checkout session because a spawning error occurred. The identifier of the error is f3b40952. Please see earlier logs for details about the error.
App 51554 output: Error: The application encountered the following error: The `cable` database is not configured for the `production` environment.
App 51554 output: 
App 51554 output:   Available database configurations are:
App 51554 output: 
App 51554 output:   default
App 51554 output: development
App 51554 output: test
App 51554 output: production
App 51554 output:  (ActiveRecord::AdapterNotSpecified)
App 51554 output:     /home/deployer/.rbenv/versions/3.2.2/lib/ruby/gems/3.2.0/gems/activerecord-8.0.2/lib/active_record/database_configurations.rb:229:in `resolve_symbol_connection'
App 51554 output:     /home/deployer/.rbenv/versions/3.2.2/lib/ruby/gems/3.2.0/gems/activerecord-8.0.2/lib/active_record/database_configurations.rb:179:in `resolve'
App 51554 output:     /home/deployer/.rbenv/versions/3.2.2/lib/ruby/gems/3.2.0/gems/activerecord-8.0.2/lib/active_record/connection_handling.rb:391:in `resolve_config_for_connection'
App 51554 output:     /home/deployer/.rbenv/versions/3.2.2/lib/ruby/gems/3.2.0/gems/activerecord-8.0.2/lib/active_record/connection_handling.rb:100:in `block (2 levels) in connects_to'
App 51554 output:     /home/deployer/.rbenv/versions/3.2.2/lib/ruby/gems/3.2.0/gems/activerecord-8.0.2/lib/active_record/connection_handling.rb:99:in `each'
App 51554 output:     /home/deployer/.rbenv/versions/3.2.2/lib/ruby/gems/3.2.0/gems/activerecord-8.0.2/lib/active_record/connection_handling.rb:99:in `block in connects_to'
App 51554 output:     /home/deployer/.rbenv/versions/3.2.2/lib/ruby/gems/3.2.0/gems/activerecord-8.0.2/lib/active_record/connection_handling.rb:98:in `each'
App 51554 output:     /home/deployer/.rbenv/versions/3.2.2/lib/ruby/gems/3.2.0/gems/activerecord-8.0.2/lib/active_record/connection_handling.rb:98:in `connects_to'
App 51554 output:     /home/deployer/.rbenv/versions/3.2.2/lib/ruby/gems/3.2.0/gems/solid_cable-3.0.11/app/models/solid_cable/record.rb:7:in `<class:Record>'
App 51554 output:     /home/deployer/.rbenv/versions/3.2.2/lib/ruby/gems/3.2.0/gems/solid_cable-3.0.11/app/models/solid_cable/record.rb:4:in `<module:SolidCable>'
App 51554 output:     /home/deployer/.rbenv/versions/3.2.2/lib/ruby/gems/3.2.0/gems/solid_cable-3.0.11/app/models/solid_cable/record.rb:3:in `<main>'
App 51554 output:     <internal:/home/deployer/.rbenv/versions/3.2.2/lib/ruby/3.2.0/rubygems/core_ext/kernel_require.rb>:37:in `require'
App 51554 output:     <internal:/home/deployer/.rbenv/versions/3.2.2/lib/ruby/3.2.0/rubygems/core_ext/kernel_require.rb>:37:in `require'
App 51554 output:     /home/deployer/.rbenv/versions/3.2.2/lib/ruby/gems/3.2.0/gems/bootsnap-1.18.6/lib/bootsnap/load_path_cache/core_ext/kernel_require.rb:30:in `require'
App 51554 output:     /home/deployer/.rbenv/versions/3.2.2/lib/ruby/gems/3.2.0/gems/zeitwerk-2.7.3/lib/zeitwerk/core_ext/kernel.rb:26:in `require'
App 51554 output:     /home/deployer/.rbenv/versions/3.2.2/lib/ruby/gems/3.2.0/gems/solid_cable-3.0.11/app/models/solid_cable/message.rb:4:in `<module:SolidCable>'
App 51554 output:     /home/deployer/.rbenv/versions/3.2.2/lib/ruby/gems/3.2.0/gems/solid_cable-3.0.11/app/models/solid_cable/message.rb:3:in `<main>'
App 51554 output:     <internal:/home/deployer/.rbenv/versions/3.2.2/lib/ruby/3.2.0/rubygems/core_ext/kernel_require.rb>:37:in `require'
App 51554 output:     <internal:/home/deployer/.rbenv/versions/3.2.2/lib/ruby/3.2.0/rubygems/core_ext/kernel_require.rb>:37:in `require'
App 51554 output:     /home/deployer/.rbenv/versions/3.2.2/lib/ruby/gems/3.2.0/gems/bootsnap-1.18.6/lib/bootsnap/load_path_cache/core_ext/kernel_require.rb:30:in `require'
App 51554 output:     /home/deployer/.rbenv/versions/3.2.2/lib/ruby/gems/3.2.0/gems/zeitwerk-2.7.3/lib/zeitwerk/core_ext/kernel.rb:26:in `require'
App 51554 output:     /home/deployer/.rbenv/versions/3.2.2/lib/ruby/gems/3.2.0/gems/zeitwerk-2.7.3/lib/zeitwerk/cref.rb:62:in `const_get'
App 51554 output:     /home/deployer/.rbenv/versions/3.2.2/lib/ruby/gems/3.2.0/gems/zeitwerk-2.7.3/lib/zeitwerk/cref.rb:62:in `get'
App 51554 output:     /home/deployer/.rbenv/versions/3.2.2/lib/ruby/gems/3.2.0/gems/zeitwerk-2.7.3/lib/zeitwerk/loader/eager_load.rb:173:in `block in actual_eager_load_dir'
App 51554 output:     /home/deployer/.rbenv/versions/3.2.2/lib/ruby/gems/3.2.0/gems/zeitwerk-2.7.3/lib/zeitwerk/loader/helpers.rb:47:in `block in ls'
App 51554 output:     /home/deployer/.rbenv/versions/3.2.2/lib/ruby/gems/3.2.0/gems/zeitwerk-2.7.3/lib/zeitwerk/loader/helpers.rb:25:in `each'
App 51554 output:     /home/deployer/.rbenv/versions/3.2.2/lib/ruby/gems/3.2.0/gems/zeitwerk-2.7.3/lib/zeitwerk/loader/helpers.rb:25:in `ls'
App 51554 output:     /home/deployer/.rbenv/versions/3.2.2/lib/ruby/gems/3.2.0/gems/zeitwerk-2.7.3/lib/zeitwerk/loader/eager_load.rb:168:in `actual_eager_load_dir'
App 51554 output:     /home/deployer/.rbenv/versions/3.2.2/lib/ruby/gems/3.2.0/gems/zeitwerk-2.7.3/lib/zeitwerk/loader/eager_load.rb:17:in `block (2 levels) in eager_load'
App 51554 output:     /home/deployer/.rbenv/versions/3.2.2/lib/ruby/gems/3.2.0/gems/zeitwerk-2.7.3/lib/zeitwerk/loader/eager_load.rb:16:in `each'
App 51554 output:     /home/deployer/.rbenv/versions/3.2.2/lib/ruby/gems/3.2.0/gems/zeitwerk-2.7.3/lib/zeitwerk/loader/eager_load.rb:16:in `block in eager_load'
App 51554 output:     /home/deployer/.rbenv/versions/3.2.2/lib/ruby/gems/3.2.0/gems/zeitwerk-2.7.3/lib/zeitwerk/loader/eager_load.rb:10:in `synchronize'
App 51554 output:     /home/deployer/.rbenv/versions/3.2.2/lib/ruby/gems/3.2.0/gems/zeitwerk-2.7.3/lib/zeitwerk/loader/eager_load.rb:10:in `eager_load'
App 51554 output:     /home/deployer/.rbenv/versions/3.2.2/lib/ruby/gems/3.2.0/gems/zeitwerk-2.7.3/lib/zeitwerk/loader.rb:431:in `block in eager_load_all'
App 51554 output:     /home/deployer/.rbenv/versions/3.2.2/lib/ruby/gems/3.2.0/gems/zeitwerk-2.7.3/lib/zeitwerk/registry/loaders.rb:10:in `each'
App 51554 output:     /home/deployer/.rbenv/versions/3.2.2/lib/ruby/gems/3.2.0/gems/zeitwerk-2.7.3/lib/zeitwerk/registry/loaders.rb:10:in `each'
App 51554 output:     /home/deployer/.rbenv/versions/3.2.2/lib/ruby/gems/3.2.0/gems/zeitwerk-2.7.3/lib/zeitwerk/loader.rb:429:in `eager_load_all'
App 51554 output:     /home/deployer/.rbenv/versions/3.2.2/lib/ruby/gems/3.2.0/gems/railties-8.0.2/lib/rails/application/finisher.rb:79:in `block in <module:Finisher>'
App 51554 output:     /home/deployer/.rbenv/versions/3.2.2/lib/ruby/gems/3.2.0/gems/railties-8.0.2/lib/rails/initializable.rb:32:in `instance_exec'
App 51554 output:     /home/deployer/.rbenv/versions/3.2.2/lib/ruby/gems/3.2.0/gems/railties-8.0.2/lib/rails/initializable.rb:32:in `run'
App 51554 output:     /home/deployer/.rbenv/versions/3.2.2/lib/ruby/gems/3.2.0/gems/railties-8.0.2/lib/rails/initializable.rb:61:in `block in run_initializers'
App 51554 output:     /home/deployer/.rbenv/versions/3.2.2/lib/ruby/3.2.0/tsort.rb:228:in `block in tsort_each'
App 51554 output:     /home/deployer/.rbenv/versions/3.2.2/lib/ruby/3.2.0/tsort.rb:350:in `block (2 levels) in each_strongly_connected_component'
App 51554 output:     /home/deployer/.rbenv/versions/3.2.2/lib/ruby/3.2.0/tsort.rb:431:in `each_strongly_connected_component_from'
App 51554 output:     /home/deployer/.rbenv/versions/3.2.2/lib/ruby/3.2.0/tsort.rb:349:in `block in each_strongly_connected_component'
App 51554 output:     /home/deployer/.rbenv/versions/3.2.2/lib/ruby/3.2.0/tsort.rb:347:in `each'
App 51554 output:     /home/deployer/.rbenv/versions/3.2.2/lib/ruby/3.2.0/tsort.rb:347:in `call'
App 51554 output:     /home/deployer/.rbenv/versions/3.2.2/lib/ruby/3.2.0/tsort.rb:347:in `each_strongly_connected_component'
App 51554 output:     /home/deployer/.rbenv/versions/3.2.2/lib/ruby/3.2.0/tsort.rb:226:in `tsort_each'
App 51554 output:     /home/deployer/.rbenv/versions/3.2.2/lib/ruby/3.2.0/tsort.rb:205:in `tsort_each'
App 51554 output:     /home/deployer/.rbenv/versions/3.2.2/lib/ruby/gems/3.2.0/gems/railties-8.0.2/lib/rails/initializable.rb:60:in `run_initializers'
App 51554 output:     /home/deployer/.rbenv/versions/3.2.2/lib/ruby/gems/3.2.0/gems/railties-8.0.2/lib/rails/application.rb:440:in `initialize!'
App 51554 output:     /home/deployer/anamika1016/config/environment.rb:5:in `<top (required)>'
App 51554 output:     config.ru:3:in `require_relative'
App 51554 output:     config.ru:3:in `block in <main>'
App 51554 output:     /home/deployer/.rbenv/versions/3.2.2/lib/ruby/gems/3.2.0/gems/rack-3.1.16/lib/rack/builder.rb:124:in `instance_eval'
App 51554 output:     /home/deployer/.rbenv/versions/3.2.2/lib/ruby/gems/3.2.0/gems/rack-3.1.16/lib/rack/builder.rb:124:in `initialize'
App 51554 output:     config.ru:1:in `new'
App 51554 output:     config.ru:1:in `<main>'
App 51554 output:     /home/deployer/.rbenv/versions/3.2.2/lib/ruby/gems/3.2.0/gems/passenger-6.1.1/src/helper-scripts/rack-preloader.rb:101:in `eval'
App 51554 output:     /home/deployer/.rbenv/versions/3.2.2/lib/ruby/gems/3.2.0/gems/passenger-6.1.1/src/helper-scripts/rack-preloader.rb:101:in `preload_app'
App 51554 output:     /home/deployer/.rbenv/versions/3.2.2/lib/ruby/gems/3.2.0/gems/passenger-6.1.1/src/helper-scripts/rack-preloader.rb:189:in `block in <module:App>'
App 51554 output:     /home/deployer/.rbenv/versions/3.2.2/lib/ruby/gems/3.2.0/gems/passenger-6.1.1/src/ruby_supportlib/phusion_passenger/loader_shared_helpers.rb:399:in `run_block_and_record_step_progress'
App 51554 output:     /home/deployer/.rbenv/versions/3.2.2/lib/ruby/gems/3.2.0/gems/passenger-6.1.1/src/helper-scripts/rack-preloader.rb:188:in `<module:App>'
App 51554 output:     /home/deployer/.rbenv/versions/3.2.2/lib/ruby/gems/3.2.0/gems/passenger-6.1.1/src/helper-scripts/rack-preloader.rb:30:in `<module:PhusionPassenger>'
App 51554 output:     /home/deployer/.rbenv/versions/3.2.2/lib/ruby/gems/3.2.0/ge
App 51554 output: ms/passenger-6.1.1/src/helper-scripts/rack-preloader.rb:29:in `<main>'
[ E 2026-01-30 09:29:48.2562 51173/T15 age/Cor/App/Implementation.cpp:218 ]: Could not spawn process for application /home/deployer/anamika1016: The application encountered the following error: The `cable` database is not configured for the `production` environment.

  Available database configurations are:

  default
development
test
production
 (ActiveRecord::AdapterNotSpecified)
  Error ID: eabfbdda
  Error details saved to: /tmp/passenger-error-zA8zZY.html

[ E 2026-01-30 09:29:48.2582 51173/Tb age/Cor/Con/CheckoutSession.cpp:368 ]: [Client 2-3] Cannot checkout session because a spawning error occurred. The identifier of the error is eabfbdda. Please see earlier logs for details about the error.
App 51593 output: Error: The application encountered the following error: The `cable` database is not configured for the `production` environment.
App 51593 output: 
App 51593 output:   Available database configurations are:
App 51593 output: 
App 51593 output:   default
App 51593 output: development
App 51593 output: test
App 51593 output: production
App 51593 output:  (ActiveRecord::AdapterNotSpecified)
App 51593 output:     /home/deployer/.rbenv/versions/3.2.2/lib/ruby/gems/3.2.0/gems/activerecord-8.0.2/lib/active_record/database_configurations.rb:229:in `resolve_symbol_connection'
App 51593 output:     /home/deployer/.rbenv/versions/3.2.2/lib/ruby/gems/3.2.0/gems/activerecord-8.0.2/lib/active_record/database_configurations.rb:179:in `resolve'
App 51593 output:     /home/deployer/.rbenv/versions/3.2.2/lib/ruby/gems/3.2.0/gems/activerecord-8.0.2/lib/active_record/connection_handling.rb:391:in `resolve_config_for_connection'
App 51593 output:     /home/deployer/.rbenv/versions/3.2.2/lib/ruby/gems/3.2.0/gems/activerecord-8.0.2/lib/active_record/connection_handling.rb:100:in `block (2 levels) in connects_to'
App 51593 output:     /home/deployer/.rbenv/versions/3.2.2/lib/ruby/gems/3.2.0/gems/activerecord-8.0.2/lib/active_record/connection_handling.rb:99:in `each'
App 51593 output:     /home/deployer/.rbenv/versions/3.2.2/lib/ruby/gems/3.2.0/gems/activerecord-8.0.2/lib/active_record/connection_handling.rb:99:in `block in connects_to'
App 51593 output:     /home/deployer/.rbenv/versions/3.2.2/lib/ruby/gems/3.2.0/gems/activerecord-8.0.2/lib/active_record/connection_handling.rb:98:in `each'
App 51593 output:     /home/deployer/.rbenv/versions/3.2.2/lib/ruby/gems/3.2.0/gems/activerecord-8.0.2/lib/active_record/connection_handling.rb:98:in `connects_to'
App 51593 output:     /home/deployer/.rbenv/versions/3.2.2/lib/ruby/gems/3.2.0/gems/solid_cable-3.0.11/app/models/solid_cable/record.rb:7:in `<class:Record>'
App 51593 output:     /home/deployer/.rbenv/versions/3.2.2/lib/ruby/gems/3.2.0/gems/solid_cable-3.0.11/app/models/solid_cable/record.rb:4:in `<module:SolidCable>'
App 51593 output:     /home/deployer/.rbenv/versions/3.2.2/lib/ruby/gems/3.2.0/gems/solid_cable-3.0.11/app/models/solid_cable/record.rb:3:in `<main>'
App 51593 output:     <internal:/home/deployer/.rbenv/versions/3.2.2/lib/ruby/3.2.0/rubygems/core_ext/kernel_require.rb>:37:in `require'
App 51593 output:     <internal:/home/deployer/.rbenv/versions/3.2.2/lib/ruby/3.2.0/rubygems/core_ext/kernel_require.rb>:37:in `require'
App 51593 output:     /home/deployer/.rbenv/versions/3.2.2/lib/ruby/gems/3.2.0/gems/bootsnap-1.18.6/lib/bootsnap/load_path_cache/core_ext/kernel_require.rb:30:in `require'
App 51593 output:     /home/deployer/.rbenv/versions/3.2.2/lib/ruby/gems/3.2.0/gems/zeitwerk-2.7.3/lib/zeitwerk/core_ext/kernel.rb:26:in `require'
App 51593 output:     /home/deployer/.rbenv/versions/3.2.2/lib/ruby/gems/3.2.0/gems/solid_cable-3.0.11/app/models/solid_cable/message.rb:4:in `<module:SolidCable>'
App 51593 output:     /home/deployer/.rbenv/versions/3.2.2/lib/ruby/gems/3.2.0/gems/solid_cable-3.0.11/app/models/solid_cable/message.rb:3:in `<main>'
App 51593 output:     <internal:/home/deployer/.rbenv/versions/3.2.2/lib/ruby/3.2.0/rubygems/core_ext/kernel_require.rb>:37:in `require'
App 51593 output:     <internal:/home/deployer/.rbenv/versions/3.2.2/lib/ruby/3.2.0/rubygems/core_ext/kernel_require.rb>:37:in `require'
App 51593 output:     /home/deployer/.rbenv/versions/3.2.2/lib/ruby/gems/3.2.0/gems/bootsnap-1.18.6/lib/bootsnap/load_path_cache/core_ext/kernel_require.rb:30:in `require'
App 51593 output:     /home/deployer/.rbenv/versions/3.2.2/lib/ruby/gems/3.2.0/gems/zeitwerk-2.7.3/lib/zeitwerk/core_ext/kernel.rb:26:in `require'
App 51593 output:     /home/deployer/.rbenv/versions/3.2.2/lib/ruby/gems/3.2.0/gems/zeitwerk-2.7.3/lib/zeitwerk/cref.rb:62:in `const_get'
App 51593 output:     /home/deployer/.rbenv/versions/3.2.2/lib/ruby/gems/3.2.0/gems/zeitwerk-2.7.3/lib/zeitwerk/cref.rb:62:in `get'
App 51593 output:     /home/deployer/.rbenv/versions/3.2.2/lib/ruby/gems/3.2.0/gems/zeitwerk-2.7.3/lib/zeitwerk/loader/eager_load.rb:173:in `block in actual_eager_load_dir'
App 51593 output:     /home/deployer/.rbenv/versions/3.2.2/lib/ruby/gems/3.2.0/gems/zeitwerk-2.7.3/lib/zeitwerk/loader/helpers.rb:47:in `block in ls'
App 51593 output:     /home/deployer/.rbenv/versions/3.2.2/lib/ruby/gems/3.2.0/gems/zeitwerk-2.7.3/lib/zeitwerk/loader/helpers.rb:25:in `each'
App 51593 output:     /home/deployer/.rbenv/versions/3.2.2/lib/ruby/gems/3.2.0/gems/zeitwerk-2.7.3/lib/zeitwerk/loader/helpers.rb:25:in `ls'
App 51593 output:     /home/deployer/.rbenv/versions/3.2.2/lib/ruby/gems/3.2.0/gems/zeitwerk-2.7.3/lib/zeitwerk/loader/eager_load.rb:168:in `actual_eager_load_dir'
App 51593 output:     /home/deployer/.rbenv/versions/3.2.2/lib/ruby/gems/3.2.0/gems/zeitwerk-2.7.3/lib/zeitwerk/loader/eager_load.rb:17:in `block (2 levels) in eager_load'
App 51593 output:     /home/deployer/.rbenv/versions/3.2.2/lib/ruby/gems/3.2.0/gems/zeitwerk-2.7.3/lib/zeitwerk/loader/eager_load.rb:16:in `each'
App 51593 output:     /home/deployer/.rbenv/versions/3.2.2/lib/ruby/gems/3.2.0/gems/zeitwerk-2.7.3/lib/zeitwerk/loader/eager_load.rb:16:in `block in eager_load'
App 51593 output:     /home/deployer/.rbenv/versions/3.2.2/lib/ruby/gems/3.2.0/gems/zeitwerk-2.7.3/lib/zeitwerk/loader/eager_load.rb:10:in `synchronize'
App 51593 output:     /home/deployer/.rbenv/versions/3.2.2/lib/ruby/gems/3.2.0/gems/zeitwerk-2.7.3/lib/zeitwerk/loader/eager_load.rb:10:in `eager_load'
App 51593 output:     /home/deployer/.rbenv/versions/3.2.2/lib/ruby/gems/3.2.0/gems/zeitwerk-2.7.3/lib/zeitwerk/loader.rb:431:in `block in eager_load_all'
App 51593 output:     /home/deployer/.rbenv/versions/3.2.2/lib/ruby/gems/3.2.0/gems/zeitwerk-2.7.3/lib/zeitwerk/registry/loaders.rb:10:in `each'
App 51593 output:     /home/deployer/.rbenv/versions/3.2.2/lib/ruby/gems/3.2.0/gems/zeitwerk-2.7.3/lib/zeitwerk/registry/loaders.rb:10:in `each'
App 51593 output:     /home/deployer/.rbenv/versions/3.2.2/lib/ruby/gems/3.2.0/gems/zeitwerk-2.7.3/lib/zeitwerk/loader.rb:429:in `eager_load_all'
App 51593 output:     /home/deployer/.rbenv/versions/3.2.2/lib/ruby/gems/3.2.0/gems/railties-8.0.2/lib/rails/application/finisher.rb:79:in `block in <module:Finisher>'
App 51593 output:     /home/deployer/.rbenv/versions/3.2.2/lib/ruby/gems/3.2.0/gems/railties-8.0.2/lib/rails/initializable.rb:32:in `instance_exec'
App 51593 output:     /home/deployer/.rbenv/versions/3.2.2/lib/ruby/gems/3.2.0/gems/railties-8.0.2/lib/rails/initializable.rb:32:in `run'
App 51593 output:     /home/deployer/.rbenv/versions/3.2.2/lib/ruby/gems/3.2.0/gems/railties-8.0.2/lib/rails/initializable.rb:61:in `block in run_initializers'
App 51593 output:     /home/deployer/.rbenv/versions/3.2.2/lib/ruby/3.2.0/tsort.rb:228:in `block in tsort_each'
App 51593 output:     /home/deployer/.rbenv/versions/3.2.2/lib/ruby/3.2.0/tsort.rb:350:in `block (2 levels) in each_strongly_connected_component'
App 51593 output:     /home/deployer/.rbenv/versions/3.2.2/lib/ruby/3.2.0/tsort.rb:431:in `each_strongly_connected_component_from'
App 51593 output:     /home/deployer/.rbenv/versions/3.2.2/lib/ruby/3.2.0/tsort.rb:349:in `block in each_strongly_connected_component'
App 51593 output:     /home/deployer/.rbenv/versions/3.2.2/lib/ruby/3.2.0/tsort.rb:347:in `each'
App 51593 output:     /home/deployer/.rbenv/versions/3.2.2/lib/ruby/3.2.0/tsort.rb:347:in `call'
App 51593 output:     /home/deployer/.rbenv/versions/3.2.2/lib/ruby/3.2.0/tsort.rb:347:in `each_strongly_connected_component'
App 51593 output:     /home/deployer/.rbenv/versions/3.2.2/lib/ruby/3.2.0/tsort.rb:226:in `tsort_each'
App 51593 output:     /home/deployer/.rbenv/versions/3.2.2/lib/ruby/3.2.0/tsort.rb:205:in `tsort_each'
App 51593 output:     /home/deployer/.rbenv/versions/3.2.2/lib/ruby/gems/3.2.0/gems/railties-8.0.2/lib/rails/initializable.rb:60:in `run_initializers'
App 51593 output:     /home/deployer/.rbenv/versions/3.2.2/lib/ruby/gems/3.2.0/gems/railties-8.0.2/lib/rails/application.rb:440:in `initialize!'
App 51593 output:     /home/deployer/anamika1016/config/environment.rb:5:in `<top (required)>'
App 51593 output:     config.ru:3:in `require_relative'
App 51593 output:     config.ru:3:in `block in <main>'
App 51593 output:     /home/deployer/.rbenv/versions/3.2.2/lib/ruby/gems/3.2.0/gems/rack-3.1.16/lib/rack/builder.rb:124:in `instance_eval'
App 51593 output:     /home/deployer/.rbenv/versions/3.2.2/lib/ruby/gems/3.2.0/gems/rack-3.1.16/lib/rack/builder.rb:124:in `initialize'
App 51593 output:     config.ru:1:in `new'
App 51593 output:     config.ru:1:in `<main>'
App 51593 output:     /home/deployer/.rbenv/versions/3.2.2/lib/ruby/gems/3.2.0/gems/passenger-6.1.1/src/helper-scripts/rack-preloader.rb:101:in `eval'
App 51593 output:     /home/deployer/.rbenv/versions/3.2.2/lib/ruby/gems/3.2.0/gems/passenger-6.1.1/src/helper-scripts/rack-preloader.rb:101:in `preload_app'
App 51593 output:     /home/deployer/.rbenv/versions/3.2.2/lib/ruby/gems/3.2.0/gems/passenger-6.1.1/src/helper-scripts/rack-preloader.rb:189:in `block in <module:App>'
App 51593 output:     /home/deployer/.rbenv/versions/3.2.2/lib/ruby/gems/3.2.0/gems/passenger-6.1.1/src/ruby_supportlib/phusion_passenger/loader_shared_helpers.rb:399:in `run_block_and_record_step_progress'
App 51593 output:     /home/deployer/.rbenv/versions/3.2.2/lib/ruby/gems/3.2.0/gems/passenger-6.1.1/src/helper-scripts/rack-preloader.rb:188:in `<module:App>'
App 51593 output:     /home/deployer/.rbenv/versions/3.2.2/lib/ruby/gems/3.2.0/gems/passenger-6.1.1/src/helper-scripts/rack-preloader.rb:30:in `<module:PhusionPassenger>'
App 51593 output:     /home/deployer/.rbenv/versions/3.2.2/lib/ruby/gems/3.2.0/ge
App 51593 output: ms/passenger-6.1.1/src/helper-scripts/rack-preloader.rb:29:in `<main>'
[ E 2026-01-30 09:29:49.8866 51173/T1a age/Cor/App/Implementation.cpp:218 ]: Could not spawn process for application /home/deployer/anamika1016: The application encountered the following error: The `cable` database is not configured for the `production` environment.

  Available database configurations are:

  default
development
test
production
 (ActiveRecord::AdapterNotSpecified)
  Error ID: c07f7c4b
  Error details saved to: /tmp/passenger-error-DhfLAE.html

[ E 2026-01-30 09:29:49.8885 51173/T9 age/Cor/Con/CheckoutSession.cpp:368 ]: [Client 1-4] Cannot checkout session because a spawning error occurred. The identifier of the error is c07f7c4b. Please see earlier logs for details about the error.
App 51632 output: Error: The application encountered the following error: The `cable` database is not configured for the `production` environment.
App 51632 output: 
App 51632 output:   Available database configurations are:
App 51632 output: 
App 51632 output:   default
App 51632 output: development
App 51632 output: test
App 51632 output: production
App 51632 output:  (ActiveRecord::AdapterNotSpecified)
App 51632 output:     /home/deployer/.rbenv/versions/3.2.2/lib/ruby/gems/3.2.0/gems/activerecord-8.0.2/lib/active_record/database_configurations.rb:229:in `resolve_symbol_connection'
App 51632 output:     /home/deployer/.rbenv/versions/3.2.2/lib/ruby/gems/3.2.0/gems/activerecord-8.0.2/lib/active_record/database_configurations.rb:179:in `resolve'
App 51632 output:     /home/deployer/.rbenv/versions/3.2.2/lib/ruby/gems/3.2.0/gems/activerecord-8.0.2/lib/active_record/connection_handling.rb:391:in `resolve_config_for_connection'
App 51632 output:     /home/deployer/.rbenv/versions/3.2.2/lib/ruby/gems/3.2.0/gems/activerecord-8.0.2/lib/active_record/connection_handling.rb:100:in `block (2 levels) in connects_to'
App 51632 output:     /home/deployer/.rbenv/versions/3.2.2/lib/ruby/gems/3.2.0/gems/activerecord-8.0.2/lib/active_record/connection_handling.rb:99:in `each'
App 51632 output:     /home/deployer/.rbenv/versions/3.2.2/lib/ruby/gems/3.2.0/gems/activerecord-8.0.2/lib/active_record/connection_handling.rb:99:in `block in connects_to'
App 51632 output:     /home/deployer/.rbenv/versions/3.2.2/lib/ruby/gems/3.2.0/gems/activerecord-8.0.2/lib/active_record/connection_handling.rb:98:in `each'
App 51632 output:     /home/deployer/.rbenv/versions/3.2.2/lib/ruby/gems/3.2.0/gems/activerecord-8.0.2/lib/active_record/connection_handling.rb:98:in `connects_to'
App 51632 output:     /home/deployer/.rbenv/versions/3.2.2/lib/ruby/gems/3.2.0/gems/solid_cable-3.0.11/app/models/solid_cable/record.rb:7:in `<class:Record>'
App 51632 output:     /home/deployer/.rbenv/versions/3.2.2/lib/ruby/gems/3.2.0/gems/solid_cable-3.0.11/app/models/solid_cable/record.rb:4:in `<module:SolidCable>'
App 51632 output:     /home/deployer/.rbenv/versions/3.2.2/lib/ruby/gems/3.2.0/gems/solid_cable-3.0.11/app/models/solid_cable/record.rb:3:in `<main>'
App 51632 output:     <internal:/home/deployer/.rbenv/versions/3.2.2/lib/ruby/3.2.0/rubygems/core_ext/kernel_require.rb>:37:in `require'
App 51632 output:     <internal:/home/deployer/.rbenv/versions/3.2.2/lib/ruby/3.2.0/rubygems/core_ext/kernel_require.rb>:37:in `require'
App 51632 output:     /home/deployer/.rbenv/versions/3.2.2/lib/ruby/gems/3.2.0/gems/bootsnap-1.18.6/lib/bootsnap/load_path_cache/core_ext/kernel_require.rb:30:in `require'
App 51632 output:     /home/deployer/.rbenv/versions/3.2.2/lib/ruby/gems/3.2.0/gems/zeitwerk-2.7.3/lib/zeitwerk/core_ext/kernel.rb:26:in `require'
App 51632 output:     /home/deployer/.rbenv/versions/3.2.2/lib/ruby/gems/3.2.0/gems/solid_cable-3.0.11/app/models/solid_cable/message.rb:4:in `<module:SolidCable>'
App 51632 output:     /home/deployer/.rbenv/versions/3.2.2/lib/ruby/gems/3.2.0/gems/solid_cable-3.0.11/app/models/solid_cable/message.rb:3:in `<main>'
App 51632 output:     <internal:/home/deployer/.rbenv/versions/3.2.2/lib/ruby/3.2.0/rubygems/core_ext/kernel_require.rb>:37:in `require'
App 51632 output:     <internal:/home/deployer/.rbenv/versions/3.2.2/lib/ruby/3.2.0/rubygems/core_ext/kernel_require.rb>:37:in `require'
App 51632 output:     /home/deployer/.rbenv/versions/3.2.2/lib/ruby/gems/3.2.0/gems/bootsnap-1.18.6/lib/bootsnap/load_path_cache/core_ext/kernel_require.rb:30:in `require'
App 51632 output:     /home/deployer/.rbenv/versions/3.2.2/lib/ruby/gems/3.2.0/gems/zeitwerk-2.7.3/lib/zeitwerk/core_ext/kernel.rb:26:in `require'
App 51632 output:     /home/deployer/.rbenv/versions/3.2.2/lib/ruby/gems/3.2.0/gems/zeitwerk-2.7.3/lib/zeitwerk/cref.rb:62:in `const_get'
App 51632 output:     /home/deployer/.rbenv/versions/3.2.2/lib/ruby/gems/3.2.0/gems/zeitwerk-2.7.3/lib/zeitwerk/cref.rb:62:in `get'
App 51632 output:     /home/deployer/.rbenv/versions/3.2.2/lib/ruby/gems/3.2.0/gems/zeitwerk-2.7.3/lib/zeitwerk/loader/eager_load.rb:173:in `block in actual_eager_load_dir'
App 51632 output:     /home/deployer/.rbenv/versions/3.2.2/lib/ruby/gems/3.2.0/gems/zeitwerk-2.7.3/lib/zeitwerk/loader/helpers.rb:47:in `block in ls'
App 51632 output:     /home/deployer/.rbenv/versions/3.2.2/lib/ruby/gems/3.2.0/gems/zeitwerk-2.7.3/lib/zeitwerk/loader/helpers.rb:25:in `each'
App 51632 output:     /home/deployer/.rbenv/versions/3.2.2/lib/ruby/gems/3.2.0/gems/zeitwerk-2.7.3/lib/zeitwerk/loader/helpers.rb:25:in `ls'
App 51632 output:     /home/deployer/.rbenv/versions/3.2.2/lib/ruby/gems/3.2.0/gems/zeitwerk-2.7.3/lib/zeitwerk/loader/eager_load.rb:168:in `actual_eager_load_dir'
App 51632 output:     /home/deployer/.rbenv/versions/3.2.2/lib/ruby/gems/3.2.0/gems/zeitwerk-2.7.3/lib/zeitwerk/loader/eager_load.rb:17:in `block (2 levels) in eager_load'
App 51632 output:     /home/deployer/.rbenv/versions/3.2.2/lib/ruby/gems/3.2.0/gems/zeitwerk-2.7.3/lib/zeitwerk/loader/eager_load.rb:16:in `each'
App 51632 output:     /home/deployer/.rbenv/versions/3.2.2/lib/ruby/gems/3.2.0/gems/zeitwerk-2.7.3/lib/zeitwerk/loader/eager_load.rb:16:in `block in eager_load'
App 51632 output:     /home/deployer/.rbenv/versions/3.2.2/lib/ruby/gems/3.2.0/gems/zeitwerk-2.7.3/lib/zeitwerk/loader/eager_load.rb:10:in `synchronize'
App 51632 output:     /home/deployer/.rbenv/versions/3.2.2/lib/ruby/gems/3.2.0/gems/zeitwerk-2.7.3/lib/zeitwerk/loader/eager_load.rb:10:in `eager_load'
App 51632 output:     /home/deployer/.rbenv/versions/3.2.2/lib/ruby/gems/3.2.0/gems/zeitwerk-2.7.3/lib/zeitwerk/loader.rb:431:in `block in eager_load_all'
App 51632 output:     /home/deployer/.rbenv/versions/3.2.2/lib/ruby/gems/3.2.0/gems/zeitwerk-2.7.3/lib/zeitwerk/registry/loaders.rb:10:in `each'
App 51632 output:     /home/deployer/.rbenv/versions/3.2.2/lib/ruby/gems/3.2.0/gems/zeitwerk-2.7.3/lib/zeitwerk/registry/loaders.rb:10:in `each'
App 51632 output:     /home/deployer/.rbenv/versions/3.2.2/lib/ruby/gems/3.2.0/gems/zeitwerk-2.7.3/lib/zeitwerk/loader.rb:429:in `eager_load_all'
App 51632 output:     /home/deployer/.rbenv/versions/3.2.2/lib/ruby/gems/3.2.0/gems/railties-8.0.2/lib/rails/application/finisher.rb:79:in `block in <module:Finisher>'
App 51632 output:     /home/deployer/.rbenv/versions/3.2.2/lib/ruby/gems/3.2.0/gems/railties-8.0.2/lib/rails/initializable.rb:32:in `instance_exec'
App 51632 output:     /home/deployer/.rbenv/versions/3.2.2/lib/ruby/gems/3.2.0/gems/railties-8.0.2/lib/rails/initializable.rb:32:in `run'
App 51632 output:     /home/deployer/.rbenv/versions/3.2.2/lib/ruby/gems/3.2.0/gems/railties-8.0.2/lib/rails/initializable.rb:61:in `block in run_initializers'
App 51632 output:     /home/deployer/.rbenv/versions/3.2.2/lib/ruby/3.2.0/tsort.rb:228:in `block in tsort_each'
App 51632 output:     /home/deployer/.rbenv/versions/3.2.2/lib/ruby/3.2.0/tsort.rb:350:in `block (2 levels) in each_strongly_connected_component'
App 51632 output:     /home/deployer/.rbenv/versions/3.2.2/lib/ruby/3.2.0/tsort.rb:431:in `each_strongly_connected_component_from'
App 51632 output:     /home/deployer/.rbenv/versions/3.2.2/lib/ruby/3.2.0/tsort.rb:349:in `block in each_strongly_connected_component'
App 51632 output:     /home/deployer/.rbenv/versions/3.2.2/lib/ruby/3.2.0/tsort.rb:347:in `each'
App 51632 output:     /home/deployer/.rbenv/versions/3.2.2/lib/ruby/3.2.0/tsort.rb:347:in `call'
App 51632 output:     /home/deployer/.rbenv/versions/3.2.2/lib/ruby/3.2.0/tsort.rb:347:in `each_strongly_connected_component'
App 51632 output:     /home/deployer/.rbenv/versions/3.2.2/lib/ruby/3.2.0/tsort.rb:226:in `tsort_each'
App 51632 output:     /home/deployer/.rbenv/versions/3.2.2/lib/ruby/3.2.0/tsort.rb:205:in `tsort_each'
App 51632 output:     /home/deployer/.rbenv/versions/3.2.2/lib/ruby/gems/3.2.0/gems/railties-8.0.2/lib/rails/initializable.rb:60:in `run_initializers'
App 51632 output:     /home/deployer/.rbenv/versions/3.2.2/lib/ruby/gems/3.2.0/gems/railties-8.0.2/lib/rails/application.rb:440:in `initialize!'
App 51632 output:     /home/deployer/anamika1016/config/environment.rb:5:in `<top (required)>'
App 51632 output:     config.ru:3:in `require_relative'
App 51632 output:     config.ru:3:in `block in <main>'
App 51632 output:     /home/deployer/.rbenv/versions/3.2.2/lib/ruby/gems/3.2.0/gems/rack-3.1.16/lib/rack/builder.rb:124:in `instance_eval'
App 51632 output:     /home/deployer/.rbenv/versions/3.2.2/lib/ruby/gems/3.2.0/gems/rack-3.1.16/lib/rack/builder.rb:124:in `initialize'
App 51632 output:     config.ru:1:in `new'
App 51632 output:     config.ru:1:in `<main>'
App 51632 output:     /home/deployer/.rbenv/versions/3.2.2/lib/ruby/gems/3.2.0/gems/passenger-6.1.1/src/helper-scripts/rack-preloader.rb:101:in `eval'
App 51632 output:     /home/deployer/.rbenv/versions/3.2.2/lib/ruby/gems/3.2.0/gems/passenger-6.1.1/src/helper-scripts/rack-preloader.rb:101:in `preload_app'
App 51632 output:     /home/deployer/.rbenv/versions/3.2.2/lib/ruby/gems/3.2.0/gems/passenger-6.1.1/src/helper-scripts/rack-preloader.rb:189:in `block in <module:App>'
App 51632 output:     /home/deployer/.rbenv/versions/3.2.2/lib/ruby/gems/3.2.0/gems/passenger-6.1.1/src/ruby_supportlib/phusion_passenger/loader_shared_helpers.rb:399:in `run_block_and_record_step_progress'
App 51632 output:     /home/deployer/.rbenv/versions/3.2.2/lib/ruby/gems/3.2.0/gems/passenger-6.1.1/src/helper-scripts/rack-prel
App 51632 output: oader.rb:188:in `<module:App>'
App 51632 output:     /home/deployer/.rbenv/versions/3.2.2/lib/ruby/gems/3.2.0/gems/passenger-6.1.1/src/helper-scripts/rack-preloader.rb:30:in `<module:PhusionPassenger>'
App 51632 output:     /home/deployer/.rbenv/versions/3.2.2/lib/ruby/gems/3.2.0/gems/passenger-6.1.1/src/helper-scripts/rack-preloader.rb:29:in `<main>'
[ E 2026-01-30 09:30:01.0789 51173/T1f age/Cor/App/Implementation.cpp:218 ]: Could not spawn process for application /home/deployer/anamika1016: The application encountered the following error: The `cable` database is not configured for the `production` environment.

  Available database configurations are:

  default
development
test
production
 (ActiveRecord::AdapterNotSpecified)
  Error ID: e77cf565
  Error details saved to: /tmp/passenger-error-Rdo0CS.html

[ E 2026-01-30 09:30:01.0810 51173/Tb age/Cor/Con/CheckoutSession.cpp:368 ]: [Client 2-4] Cannot checkout session because a spawning error occurred. The identifier of the error is e77cf565. Please see earlier logs for details about the error.
App 51672 output: Error: The application encountered the following error: The `cable` database is not configured for the `production` environment.
App 51672 output: 
App 51672 output:   Available database configurations are:
App 51672 output: 
App 51672 output:   default
App 51672 output: development
App 51672 output: test
App 51672 output: production
App 51672 output:  (ActiveRecord::AdapterNotSpecified)
App 51672 output:     /home/deployer/.rbenv/versions/3.2.2/lib/ruby/gems/3.2.0/gems/activerecord-8.0.2/lib/active_record/database_configurations.rb:229:in `resolve_symbol_connection'
App 51672 output:     /home/deployer/.rbenv/versions/3.2.2/lib/ruby/gems/3.2.0/gems/activerecord-8.0.2/lib/active_record/database_configurations.rb:179:in `resolve'
App 51672 output:     /home/deployer/.rbenv/versions/3.2.2/lib/ruby/gems/3.2.0/gems/activerecord-8.0.2/lib/active_record/connection_handling.rb:391:in `resolve_config_for_connection'
App 51672 output:     /home/deployer/.rbenv/versions/3.2.2/lib/ruby/gems/3.2.0/gems/activerecord-8.0.2/lib/active_record/connection_handling.rb:100:in `block (2 levels) in connects_to'
App 51672 output:     /home/deployer/.rbenv/versions/3.2.2/lib/ruby/gems/3.2.0/gems/activerecord-8.0.2/lib/active_record/connection_handling.rb:99:in `each'
App 51672 output:     /home/deployer/.rbenv/versions/3.2.2/lib/ruby/gems/3.2.0/gems/activerecord-8.0.2/lib/active_record/connection_handling.rb:99:in `block in connects_to'
App 51672 output:     /home/deployer/.rbenv/versions/3.2.2/lib/ruby/gems/3.2.0/gems/activerecord-8.0.2/lib/active_record/connection_handling.rb:98:in `each'
App 51672 output:     /home/deployer/.rbenv/versions/3.2.2/lib/ruby/gems/3.2.0/gems/activerecord-8.0.2/lib/active_record/connection_handling.rb:98:in `connects_to'
App 51672 output:     /home/deployer/.rbenv/versions/3.2.2/lib/ruby/gems/3.2.0/gems/solid_cable-3.0.11/app/models/solid_cable/record.rb:7:in `<class:Record>'
App 51672 output:     /home/deployer/.rbenv/versions/3.2.2/lib/ruby/gems/3.2.0/gems/solid_cable-3.0.11/app/models/solid_cable/record.rb:4:in `<module:SolidCable>'
App 51672 output:     /home/deployer/.rbenv/versions/3.2.2/lib/ruby/gems/3.2.0/gems/solid_cable-3.0.11/app/models/solid_cable/record.rb:3:in `<main>'
App 51672 output:     <internal:/home/deployer/.rbenv/versions/3.2.2/lib/ruby/3.2.0/rubygems/core_ext/kernel_require.rb>:37:in `require'
App 51672 output:     <internal:/home/deployer/.rbenv/versions/3.2.2/lib/ruby/3.2.0/rubygems/core_ext/kernel_require.rb>:37:in `require'
App 51672 output:     /home/deployer/.rbenv/versions/3.2.2/lib/ruby/gems/3.2.0/gems/bootsnap-1.18.6/lib/bootsnap/load_path_cache/core_ext/kernel_require.rb:30:in `require'
App 51672 output:     /home/deployer/.rbenv/versions/3.2.2/lib/ruby/gems/3.2.0/gems/zeitwerk-2.7.3/lib/zeitwerk/core_ext/kernel.rb:26:in `require'
App 51672 output:     /home/deployer/.rbenv/versions/3.2.2/lib/ruby/gems/3.2.0/gems/solid_cable-3.0.11/app/models/solid_cable/message.rb:4:in `<module:SolidCable>'
App 51672 output:     /home/deployer/.rbenv/versions/3.2.2/lib/ruby/gems/3.2.0/gems/solid_cable-3.0.11/app/models/solid_cable/message.rb:3:in `<main>'
App 51672 output:     <internal:/home/deployer/.rbenv/versions/3.2.2/lib/ruby/3.2.0/rubygems/core_ext/kernel_require.rb>:37:in `require'
App 51672 output:     <internal:/home/deployer/.rbenv/versions/3.2.2/lib/ruby/3.2.0/rubygems/core_ext/kernel_require.rb>:37:in `require'
App 51672 output:     /home/deployer/.rbenv/versions/3.2.2/lib/ruby/gems/3.2.0/gems/bootsnap-1.18.6/lib/bootsnap/load_path_cache/core_ext/kernel_require.rb:30:in `require'
App 51672 output:     /home/deployer/.rbenv/versions/3.2.2/lib/ruby/gems/3.2.0/gems/zeitwerk-2.7.3/lib/zeitwerk/core_ext/kernel.rb:26:in `require'
App 51672 output:     /home/deployer/.rbenv/versions/3.2.2/lib/ruby/gems/3.2.0/gems/zeitwerk-2.7.3/lib/zeitwerk/cref.rb:62:in `const_get'
App 51672 output:     /home/deployer/.rbenv/versions/3.2.2/lib/ruby/gems/3.2.0/gems/zeitwerk-2.7.3/lib/zeitwerk/cref.rb:62:in `get'
App 51672 output:     /home/deployer/.rbenv/versions/3.2.2/lib/ruby/gems/3.2.0/gems/zeitwerk-2.7.3/lib/zeitwerk/loader/eager_load.rb:173:in `block in actual_eager_load_dir'
App 51672 output:     /home/deployer/.rbenv/versions/3.2.2/lib/ruby/gems/3.2.0/gems/zeitwerk-2.7.3/lib/zeitwerk/loader/helpers.rb:47:in `block in ls'
App 51672 output:     /home/deployer/.rbenv/versions/3.2.2/lib/ruby/gems/3.2.0/gems/zeitwerk-2.7.3/lib/zeitwerk/loader/helpers.rb:25:in `each'
App 51672 output:     /home/deployer/.rbenv/versions/3.2.2/lib/ruby/gems/3.2.0/gems/zeitwerk-2.7.3/lib/zeitwerk/loader/helpers.rb:25:in `ls'
App 51672 output:     /home/deployer/.rbenv/versions/3.2.2/lib/ruby/gems/3.2.0/gems/zeitwerk-2.7.3/lib/zeitwerk/loader/eager_load.rb:168:in `actual_eager_load_dir'
App 51672 output:     /home/deployer/.rbenv/versions/3.2.2/lib/ruby/gems/3.2.0/gems/zeitwerk-2.7.3/lib/zeitwerk/loader/eager_load.rb:17:in `block (2 levels) in eager_load'
App 51672 output:     /home/deployer/.rbenv/versions/3.2.2/lib/ruby/gems/3.2.0/gems/zeitwerk-2.7.3/lib/zeitwerk/loader/eager_load.rb:16:in `each'
App 51672 output:     /home/deployer/.rbenv/versions/3.2.2/lib/ruby/gems/3.2.0/gems/zeitwerk-2.7.3/lib/zeitwerk/loader/eager_load.rb:16:in `block in eager_load'
App 51672 output:     /home/deployer/.rbenv/versions/3.2.2/lib/ruby/gems/3.2.0/gems/zeitwerk-2.7.3/lib/zeitwerk/loader/eager_load.rb:10:in `synchronize'
App 51672 output:     /home/deployer/.rbenv/versions/3.2.2/lib/ruby/gems/3.2.0/gems/zeitwerk-2.7.3/lib/zeitwerk/loader/eager_load.rb:10:in `eager_load'
App 51672 output:     /home/deployer/.rbenv/versions/3.2.2/lib/ruby/gems/3.2.0/gems/zeitwerk-2.7.3/lib/zeitwerk/loader.rb:431:in `block in eager_load_all'
App 51672 output:     /home/deployer/.rbenv/versions/3.2.2/lib/ruby/gems/3.2.0/gems/zeitwerk-2.7.3/lib/zeitwerk/registry/loaders.rb:10:in `each'
App 51672 output:     /home/deployer/.rbenv/versions/3.2.2/lib/ruby/gems/3.2.0/gems/zeitwerk-2.7.3/lib/zeitwerk/registry/loaders.rb:10:in `each'
App 51672 output:     /home/deployer/.rbenv/versions/3.2.2/lib/ruby/gems/3.2.0/gems/zeitwerk-2.7.3/lib/zeitwerk/loader.rb:429:in `eager_load_all'
App 51672 output:     /home/deployer/.rbenv/versions/3.2.2/lib/ruby/gems/3.2.0/gems/railties-8.0.2/lib/rails/application/finisher.rb:79:in `block in <module:Finisher>'
App 51672 output:     /home/deployer/.rbenv/versions/3.2.2/lib/ruby/gems/3.2.0/gems/railties-8.0.2/lib/rails/initializable.rb:32:in `instance_exec'
App 51672 output:     /home/deployer/.rbenv/versions/3.2.2/lib/ruby/gems/3.2.0/gems/railties-8.0.2/lib/rails/initializable.rb:32:in `run'
App 51672 output:     /home/deployer/.rbenv/versions/3.2.2/lib/ruby/gems/3.2.0/gems/railties-8.0.2/lib/rails/initializable.rb:61:in `block in run_initializers'
App 51672 output:     /home/deployer/.rbenv/versions/3.2.2/lib/ruby/3.2.0/tsort.rb:228:in `block in tsort_each'
App 51672 output:     /home/deployer/.rbenv/versions/3.2.2/lib/ruby/3.2.0/tsort.rb:350:in `block (2 levels) in each_strongly_connected_component'
App 51672 output:     /home/deployer/.rbenv/versions/3.2.2/lib/ruby/3.2.0/tsort.rb:431:in `each_strongly_connected_component_from'
App 51672 output:     /home/deployer/.rbenv/versions/3.2.2/lib/ruby/3.2.0/tsort.rb:349:in `block in each_strongly_connected_component'
App 51672 output:     /home/deployer/.rbenv/versions/3.2.2/lib/ruby/3.2.0/tsort.rb:347:in `each'
App 51672 output:     /home/deployer/.rbenv/versions/3.2.2/lib/ruby/3.2.0/tsort.rb:347:in `call'
App 51672 output:     /home/deployer/.rbenv/versions/3.2.2/lib/ruby/3.2.0/tsort.rb:347:in `each_strongly_connected_component'
App 51672 output:     /home/deployer/.rbenv/versions/3.2.2/lib/ruby/3.2.0/tsort.rb:226:in `tsort_each'
App 51672 output:     /home/deployer/.rbenv/versions/3.2.2/lib/ruby/3.2.0/tsort.rb:205:in `tsort_each'
App 51672 output:     /home/deployer/.rbenv/versions/3.2.2/lib/ruby/gems/3.2.0/gems/railties-8.0.2/lib/rails/initializable.rb:60:in `run_initializers'
App 51672 output:     /home/deployer/.rbenv/versions/3.2.2/lib/ruby/gems/3.2.0/gems/railties-8.0.2/lib/rails/application.rb:440:in `initialize!'
App 51672 output:     /home/deployer/anamika1016/config/environment.rb:5:in `<top (required)>'
App 51672 output:     config.ru:3:in `require_relative'
App 51672 output:     config.ru:3:in `block in <main>'
App 51672 output:     /home/deployer/.rbenv/versions/3.2.2/lib/ruby/gems/3.2.0/gems/rack-3.1.16/lib/rack/builder.rb:124:in `instance_eval'
App 51672 output:     /home/deployer/.rbenv/versions/3.2.2/lib/ruby/gems/3.2.0/gems/rack-3.1.16/lib/rack/builder.rb:124:in `initialize'
App 51672 output:     config.ru:1:in `new'
App 51672 output:     config.ru:1:in `<main>'
App 51672 output:     /home/deployer/.rbenv/versions/3.2.2/lib/ruby/gems/3.2.0/gems/passenger-6.1.1/src/helper-scripts/rack-preloader.rb:101:in `eval'
App 51672 output:     /home/deployer/.rbenv/versions/3.2.2/lib/ruby/gems/3.2.0/gems/passenger-6.1.1/src/helper-scripts/rack-preloader.rb:101:in `preload_app'
App 51672 output:     /home/deployer/.rbenv/versions/3.2.2/lib/ruby/gems/3.2.0/gems/passenger-6.1.1/src/helper-scripts/rack-preloader.rb:189:in `block in <module:App>'
App 51672 output:     /home/deployer/.rbenv/versions/3.2.2/lib/ruby/gems/3.2.0/gems/passenger-6.1.1/src/ruby_supportlib/phusion_passenger/loader_shared_helpers.rb:399:in `run_block_and_record_step_progress'
App 51672 output:     /home/deployer/.rbenv/versions/3.2.2/lib/ruby/gems/3.2.0/gems/passenger-6.1.1/src/helper-scripts/rack-preloader.rb:188:in `<module:App>'
App 51672 output:     /home/deployer/.rbenv/versions/3.2.2/lib/ruby/gems/3.2.0/gems/passenger-6.1.1/src/helper-scripts/rack-preloader.rb:30:in `<module:PhusionPassenger>'
App 51672 output:     /home/deployer/.rbenv/versions/3.2.2/lib/ruby/gems/3.2.0/ge
App 51672 output: ms/passenger-6.1.1/src/helper-scripts/rack-preloader.rb:29:in `<main>'
[ E 2026-01-30 09:30:03.9094 51173/T1k age/Cor/App/Implementation.cpp:218 ]: Could not spawn process for application /home/deployer/anamika1016: The application encountered the following error: The `cable` database is not configured for the `production` environment.

  Available database configurations are:

  default
development
test
production
 (ActiveRecord::AdapterNotSpecified)
  Error ID: 7e0f9c8a
  Error details saved to: /tmp/passenger-error-GJQktJ.html

[ E 2026-01-30 09:30:03.9136 51173/T9 age/Cor/Con/CheckoutSession.cpp:368 ]: [Client 1-5] Cannot checkout session because a spawning error occurred. The identifier of the error is 7e0f9c8a. Please see earlier logs for details about the error.
App 51728 output: Error: The application encountered the following error: The `cable` database is not configured for the `production` environment.
App 51728 output: 
App 51728 output:   Available database configurations are:
App 51728 output: 
App 51728 output:   default
App 51728 output: development
App 51728 output: test
App 51728 output: production
App 51728 output:  (ActiveRecord::AdapterNotSpecified)
App 51728 output:     /home/deployer/.rbenv/versions/3.2.2/lib/ruby/gems/3.2.0/gems/activerecord-8.0.2/lib/active_record/database_configurations.rb:229:in `resolve_symbol_connection'
App 51728 output:     /home/deployer/.rbenv/versions/3.2.2/lib/ruby/gems/3.2.0/gems/activerecord-8.0.2/lib/active_record/database_configurations.rb:179:in `resolve'
App 51728 output:     /home/deployer/.rbenv/versions/3.2.2/lib/ruby/gems/3.2.0/gems/activerecord-8.0.2/lib/active_record/connection_handling.rb:391:in `resolve_config_for_connection'
App 51728 output:     /home/deployer/.rbenv/versions/3.2.2/lib/ruby/gems/3.2.0/gems/activerecord-8.0.2/lib/active_record/connection_handling.rb:100:in `block (2 levels) in connects_to'
App 51728 output:     /home/deployer/.rbenv/versions/3.2.2/lib/ruby/gems/3.2.0/gems/activerecord-8.0.2/lib/active_record/connection_handling.rb:99:in `each'
App 51728 output:     /home/deployer/.rbenv/versions/3.2.2/lib/ruby/gems/3.2.0/gems/activerecord-8.0.2/lib/active_record/connection_handling.rb:99:in `block in connects_to'
App 51728 output:     /home/deployer/.rbenv/versions/3.2.2/lib/ruby/gems/3.2.0/gems/activerecord-8.0.2/lib/active_record/connection_handling.rb:98:in `each'
App 51728 output:     /home/deployer/.rbenv/versions/3.2.2/lib/ruby/gems/3.2.0/gems/activerecord-8.0.2/lib/active_record/connection_handling.rb:98:in `connects_to'
App 51728 output:     /home/deployer/.rbenv/versions/3.2.2/lib/ruby/gems/3.2.0/gems/solid_cable-3.0.11/app/models/solid_cable/record.rb:7:in `<class:Record>'
App 51728 output:     /home/deployer/.rbenv/versions/3.2.2/lib/ruby/gems/3.2.0/gems/solid_cable-3.0.11/app/models/solid_cable/record.rb:4:in `<module:SolidCable>'
App 51728 output:     /home/deployer/.rbenv/versions/3.2.2/lib/ruby/gems/3.2.0/gems/solid_cable-3.0.11/app/models/solid_cable/record.rb:3:in `<main>'
App 51728 output:     <internal:/home/deployer/.rbenv/versions/3.2.2/lib/ruby/3.2.0/rubygems/core_ext/kernel_require.rb>:37:in `require'
App 51728 output:     <internal:/home/deployer/.rbenv/versions/3.2.2/lib/ruby/3.2.0/rubygems/core_ext/kernel_require.rb>:37:in `require'
App 51728 output:     /home/deployer/.rbenv/versions/3.2.2/lib/ruby/gems/3.2.0/gems/bootsnap-1.18.6/lib/bootsnap/load_path_cache/core_ext/kernel_require.rb:30:in `require'
App 51728 output:     /home/deployer/.rbenv/versions/3.2.2/lib/ruby/gems/3.2.0/gems/zeitwerk-2.7.3/lib/zeitwerk/core_ext/kernel.rb:26:in `require'
App 51728 output:     /home/deployer/.rbenv/versions/3.2.2/lib/ruby/gems/3.2.0/gems/solid_cable-3.0.11/app/models/solid_cable/message.rb:4:in `<module:SolidCable>'
App 51728 output:     /home/deployer/.rbenv/versions/3.2.2/lib/ruby/gems/3.2.0/gems/solid_cable-3.0.11/app/models/solid_cable/message.rb:3:in `<main>'
App 51728 output:     <internal:/home/deployer/.rbenv/versions/3.2.2/lib/ruby/3.2.0/rubygems/core_ext/kernel_require.rb>:37:in `require'
App 51728 output:     <internal:/home/deployer/.rbenv/versions/3.2.2/lib/ruby/3.2.0/rubygems/core_ext/kernel_require.rb>:37:in `require'
App 51728 output:     /home/deployer/.rbenv/versions/3.2.2/lib/ruby/gems/3.2.0/gems/bootsnap-1.18.6/lib/bootsnap/load_path_cache/core_ext/kernel_require.rb:30:in `require'
App 51728 output:     /home/deployer/.rbenv/versions/3.2.2/lib/ruby/gems/3.2.0/gems/zeitwerk-2.7.3/lib/zeitwerk/core_ext/kernel.rb:26:in `require'
App 51728 output:     /home/deployer/.rbenv/versions/3.2.2/lib/ruby/gems/3.2.0/gems/zeitwerk-2.7.3/lib/zeitwerk/cref.rb:62:in `const_get'
App 51728 output:     /home/deployer/.rbenv/versions/3.2.2/lib/ruby/gems/3.2.0/gems/zeitwerk-2.7.3/lib/zeitwerk/cref.rb:62:in `get'
App 51728 output:     /home/deployer/.rbenv/versions/3.2.2/lib/ruby/gems/3.2.0/gems/zeitwerk-2.7.3/lib/zeitwerk/loader/eager_load.rb:173:in `block in actual_eager_load_dir'
App 51728 output:     /home/deployer/.rbenv/versions/3.2.2/lib/ruby/gems/3.2.0/gems/zeitwerk-2.7.3/lib/zeitwerk/loader/helpers.rb:47:in `block in ls'
App 51728 output:     /home/deployer/.rbenv/versions/3.2.2/lib/ruby/gems/3.2.0/gems/zeitwerk-2.7.3/lib/zeitwerk/loader/helpers.rb:25:in `each'
App 51728 output:     /home/deployer/.rbenv/versions/3.2.2/lib/ruby/gems/3.2.0/gems/zeitwerk-2.7.3/lib/zeitwerk/loader/helpers.rb:25:in `ls'
App 51728 output:     /home/deployer/.rbenv/versions/3.2.2/lib/ruby/gems/3.2.0/gems/zeitwerk-2.7.3/lib/zeitwerk/loader/eager_load.rb:168:in `actual_eager_load_dir'
App 51728 output:     /home/deployer/.rbenv/versions/3.2.2/lib/ruby/gems/3.2.0/gems/zeitwerk-2.7.3/lib/zeitwerk/loader/eager_load.rb:17:in `block (2 levels) in eager_load'
App 51728 output:     /home/deployer/.rbenv/versions/3.2.2/lib/ruby/gems/3.2.0/gems/zeitwerk-2.7.3/lib/zeitwerk/loader/eager_load.rb:16:in `each'
App 51728 output:     /home/deployer/.rbenv/versions/3.2.2/lib/ruby/gems/3.2.0/gems/zeitwerk-2.7.3/lib/zeitwerk/loader/eager_load.rb:16:in `block in eager_load'
App 51728 output:     /home/deployer/.rbenv/versions/3.2.2/lib/ruby/gems/3.2.0/gems/zeitwerk-2.7.3/lib/zeitwerk/loader/eager_load.rb:10:in `synchronize'
App 51728 output:     /home/deployer/.rbenv/versions/3.2.2/lib/ruby/gems/3.2.0/gems/zeitwerk-2.7.3/lib/zeitwerk/loader/eager_load.rb:10:in `eager_load'
App 51728 output:     /home/deployer/.rbenv/versions/3.2.2/lib/ruby/gems/3.2.0/gems/zeitwerk-2.7.3/lib/zeitwerk/loader.rb:431:in `block in eager_load_all'
App 51728 output:     /home/deployer/.rbenv/versions/3.2.2/lib/ruby/gems/3.2.0/gems/zeitwerk-2.7.3/lib/zeitwerk/registry/loaders.rb:10:in `each'
App 51728 output:     /home/deployer/.rbenv/versions/3.2.2/lib/ruby/gems/3.2.0/gems/zeitwerk-2.7.3/lib/zeitwerk/registry/loaders.rb:10:in `each'
App 51728 output:     /home/deployer/.rbenv/versions/3.2.2/lib/ruby/gems/3.2.0/gems/zeitwerk-2.7.3/lib/zeitwerk/loader.rb:429:in `eager_load_all'
App 51728 output:     /home/deployer/.rbenv/versions/3.2.2/lib/ruby/gems/3.2.0/gems/railties-8.0.2/lib/rails/application/finisher.rb:79:in `block in <module:Finisher>'
App 51728 output:     /home/deployer/.rbenv/versions/3.2.2/lib/ruby/gems/3.2.0/gems/railties-8.0.2/lib/rails/initializable.rb:32:in `instance_exec'
App 51728 output:     /home/deployer/.rbenv/versions/3.2.2/lib/ruby/gems/3.2.0/gems/railties-8.0.2/lib/rails/initializable.rb:32:in `run'
App 51728 output:     /home/deployer/.rbenv/versions/3.2.2/lib/ruby/gems/3.2.0/gems/railties-8.0.2/lib/rails/initializable.rb:61:in `block in run_initializers'
App 51728 output:     /home/deployer/.rbenv/versions/3.2.2/lib/ruby/3.2.0/tsort.rb:228:in `block in tsort_each'
App 51728 output:     /home/deployer/.rbenv/versions/3.2.2/lib/ruby/3.2.0/tsort.rb:350:in `block (2 levels) in each_strongly_connected_component'
App 51728 output:     /home/deployer/.rbenv/versions/3.2.2/lib/ruby/3.2.0/tsort.rb:431:in `each_strongly_connected_component_from'
App 51728 output:     /home/deployer/.rbenv/versions/3.2.2/lib/ruby/3.2.0/tsort.rb:349:in `block in each_strongly_connected_component'
App 51728 output:     /home/deployer/.rbenv/versions/3.2.2/lib/ruby/3.2.0/tsort.rb:347:in `each'
App 51728 output:     /home/deployer/.rbenv/versions/3.2.2/lib/ruby/3.2.0/tsort.rb:347:in `call'
App 51728 output:     /home/deployer/.rbenv/versions/3.2.2/lib/ruby/3.2.0/tsort.rb:347:in `each_strongly_connected_component'
App 51728 output:     /home/deployer/.rbenv/versions/3.2.2/lib/ruby/3.2.0/tsort.rb:226:in `tsort_each'
App 51728 output:     /home/deployer/.rbenv/versions/3.2.2/lib/ruby/3.2.0/tsort.rb:205:in `tsort_each'
App 51728 output:     /home/deployer/.rbenv/versions/3.2.2/lib/ruby/gems/3.2.0/gems/railties-8.0.2/lib/rails/initializable.rb:60:in `run_initializers'
App 51728 output:     /home/deployer/.rbenv/versions/3.2.2/lib/ruby/gems/3.2.0/gems/railties-8.0.2/lib/rails/application.rb:440:in `initialize!'
App 51728 output:     /home/deployer/anamika1016/config/environment.rb:5:in `<top (required)>'
App 51728 output:     config.ru:3:in `require_relative'
App 51728 output:     config.ru:3:in `block in <main>'
App 51728 output:     /home/deployer/.rbenv/versions/3.2.2/lib/ruby/gems/3.2.0/gems/rack-3.1.16/lib/rack/builder.rb:124:in `instance_eval'
App 51728 output:     /home/deployer/.rbenv/versions/3.2.2/lib/ruby/gems/3.2.0/gems/rack-3.1.16/lib/rack/builder.rb:124:in `initialize'
App 51728 output:     config.ru:1:in `new'
App 51728 output:     config.ru:1:in `<main>'
App 51728 output:     /home/deployer/.rbenv/versions/3.2.2/lib/ruby/gems/3.2.0/gems/passenger-6.1.1/src/helper-scripts/rack-preloader.rb:101:in `eval'
App 51728 output:     /home/deployer/.rbenv/versions/3.2.2/lib/ruby/gems/3.2.0/gems/passenger-6.1.1/src/helper-scripts/rack-preloader.rb:101:in `preload_app'
App 51728 output:     /home/deployer/.rbenv/versions/3.2.2/lib/ruby/gems/3.2.0/gems/passenger-6.1.1/src/helper-scripts/rack-preloader.rb:189:in `block in <module:App>'
App 51728 output:     /home/deployer/.rbenv/versions/3.2.2/lib/ruby/gems/3.2.0/gems/passenger-6.1.1/src/ruby_supportlib/phusion_passenger/loader_shared_helpers.rb:399:in `run_block_and_record_step_progress'
App 51728 output:     /home/deployer/.rbenv/versions/3.2.2/lib/ruby/gems/3.2.0/gems/passenger-6.1.1/src/helper-scripts/rack-prel
App 51728 output: oader.rb:188:in `<module:App>'
App 51728 output:     /home/deployer/.rbenv/versions/3.2.2/lib/ruby/gems/3.2.0/gems/passenger-6.1.1/src/helper-scripts/rack-preloader.rb:30:in `<module:PhusionPassenger>'
App 51728 output:     /home/deployer/.rbenv/versions/3.2.2/lib/ruby/gems/3.2.0/gems/passenger-6.1.1/src/helper-scripts/rack-preloader.rb:29:in `<main>'
[ E 2026-01-30 09:32:23.4511 51173/T1p age/Cor/App/Implementation.cpp:218 ]: Could not spawn process for application /home/deployer/anamika1016: The application encountered the following error: The `cable` database is not configured for the `production` environment.

  Available database configurations are:

  default
development
test
production
 (ActiveRecord::AdapterNotSpecified)
  Error ID: 625c7899
  Error details saved to: /tmp/passenger-error-TiaviY.html

[ E 2026-01-30 09:32:23.4533 51173/Tb age/Cor/Con/CheckoutSession.cpp:368 ]: [Client 2-5] Cannot checkout session because a spawning error occurred. The identifier of the error is 625c7899. Please see earlier logs for details about the error.
App 51767 output: Error: The application encountered the following error: The `cable` database is not configured for the `production` environment.
App 51767 output: 
App 51767 output:   Available database configurations are:
App 51767 output: 
App 51767 output:   default
App 51767 output: development
App 51767 output: test
App 51767 output: production
App 51767 output:  (ActiveRecord::AdapterNotSpecified)
App 51767 output:     /home/deployer/.rbenv/versions/3.2.2/lib/ruby/gems/3.2.0/gems/activerecord-8.0.2/lib/active_record/database_configurations.rb:229:in `resolve_symbol_connection'
App 51767 output:     /home/deployer/.rbenv/versions/3.2.2/lib/ruby/gems/3.2.0/gems/activerecord-8.0.2/lib/active_record/database_configurations.rb:179:in `resolve'
App 51767 output:     /home/deployer/.rbenv/versions/3.2.2/lib/ruby/gems/3.2.0/gems/activerecord-8.0.2/lib/active_record/connection_handling.rb:391:in `resolve_config_for_connection'
App 51767 output:     /home/deployer/.rbenv/versions/3.2.2/lib/ruby/gems/3.2.0/gems/activerecord-8.0.2/lib/active_record/connection_handling.rb:100:in `block (2 levels) in connects_to'
App 51767 output:     /home/deployer/.rbenv/versions/3.2.2/lib/ruby/gems/3.2.0/gems/activerecord-8.0.2/lib/active_record/connection_handling.rb:99:in `each'
App 51767 output:     /home/deployer/.rbenv/versions/3.2.2/lib/ruby/gems/3.2.0/gems/activerecord-8.0.2/lib/active_record/connection_handling.rb:99:in `block in connects_to'
App 51767 output:     /home/deployer/.rbenv/versions/3.2.2/lib/ruby/gems/3.2.0/gems/activerecord-8.0.2/lib/active_record/connection_handling.rb:98:in `each'
App 51767 output:     /home/deployer/.rbenv/versions/3.2.2/lib/ruby/gems/3.2.0/gems/activerecord-8.0.2/lib/active_record/connection_handling.rb:98:in `connects_to'
App 51767 output:     /home/deployer/.rbenv/versions/3.2.2/lib/ruby/gems/3.2.0/gems/solid_cable-3.0.11/app/models/solid_cable/record.rb:7:in `<class:Record>'
App 51767 output:     /home/deployer/.rbenv/versions/3.2.2/lib/ruby/gems/3.2.0/gems/solid_cable-3.0.11/app/models/solid_cable/record.rb:4:in `<module:SolidCable>'
App 51767 output:     /home/deployer/.rbenv/versions/3.2.2/lib/ruby/gems/3.2.0/gems/solid_cable-3.0.11/app/models/solid_cable/record.rb:3:in `<main>'
App 51767 output:     <internal:/home/deployer/.rbenv/versions/3.2.2/lib/ruby/3.2.0/rubygems/core_ext/kernel_require.rb>:37:in `require'
App 51767 output:     <internal:/home/deployer/.rbenv/versions/3.2.2/lib/ruby/3.2.0/rubygems/core_ext/kernel_require.rb>:37:in `require'
App 51767 output:     /home/deployer/.rbenv/versions/3.2.2/lib/ruby/gems/3.2.0/gems/bootsnap-1.18.6/lib/bootsnap/load_path_cache/core_ext/kernel_require.rb:30:in `require'
App 51767 output:     /home/deployer/.rbenv/versions/3.2.2/lib/ruby/gems/3.2.0/gems/zeitwerk-2.7.3/lib/zeitwerk/core_ext/kernel.rb:26:in `require'
App 51767 output:     /home/deployer/.rbenv/versions/3.2.2/lib/ruby/gems/3.2.0/gems/solid_cable-3.0.11/app/models/solid_cable/message.rb:4:in `<module:SolidCable>'
App 51767 output:     /home/deployer/.rbenv/versions/3.2.2/lib/ruby/gems/3.2.0/gems/solid_cable-3.0.11/app/models/solid_cable/message.rb:3:in `<main>'
App 51767 output:     <internal:/home/deployer/.rbenv/versions/3.2.2/lib/ruby/3.2.0/rubygems/core_ext/kernel_require.rb>:37:in `require'
App 51767 output:     <internal:/home/deployer/.rbenv/versions/3.2.2/lib/ruby/3.2.0/rubygems/core_ext/kernel_require.rb>:37:in `require'
App 51767 output:     /home/deployer/.rbenv/versions/3.2.2/lib/ruby/gems/3.2.0/gems/bootsnap-1.18.6/lib/bootsnap/load_path_cache/core_ext/kernel_require.rb:30:in `require'
App 51767 output:     /home/deployer/.rbenv/versions/3.2.2/lib/ruby/gems/3.2.0/gems/zeitwerk-2.7.3/lib/zeitwerk/core_ext/kernel.rb:26:in `require'
App 51767 output:     /home/deployer/.rbenv/versions/3.2.2/lib/ruby/gems/3.2.0/gems/zeitwerk-2.7.3/lib/zeitwerk/cref.rb:62:in `const_get'
App 51767 output:     /home/deployer/.rbenv/versions/3.2.2/lib/ruby/gems/3.2.0/gems/zeitwerk-2.7.3/lib/zeitwerk/cref.rb:62:in `get'
App 51767 output:     /home/deployer/.rbenv/versions/3.2.2/lib/ruby/gems/3.2.0/gems/zeitwerk-2.7.3/lib/zeitwerk/loader/eager_load.rb:173:in `block in actual_eager_load_dir'
App 51767 output:     /home/deployer/.rbenv/versions/3.2.2/lib/ruby/gems/3.2.0/gems/zeitwerk-2.7.3/lib/zeitwerk/loader/helpers.rb:47:in `block in ls'
App 51767 output:     /home/deployer/.rbenv/versions/3.2.2/lib/ruby/gems/3.2.0/gems/zeitwerk-2.7.3/lib/zeitwerk/loader/helpers.rb:25:in `each'
App 51767 output:     /home/deployer/.rbenv/versions/3.2.2/lib/ruby/gems/3.2.0/gems/zeitwerk-2.7.3/lib/zeitwerk/loader/helpers.rb:25:in `ls'
App 51767 output:     /home/deployer/.rbenv/versions/3.2.2/lib/ruby/gems/3.2.0/gems/zeitwerk-2.7.3/lib/zeitwerk/loader/eager_load.rb:168:in `actual_eager_load_dir'
App 51767 output:     /home/deployer/.rbenv/versions/3.2.2/lib/ruby/gems/3.2.0/gems/zeitwerk-2.7.3/lib/zeitwerk/loader/eager_load.rb:17:in `block (2 levels) in eager_load'
App 51767 output:     /home/deployer/.rbenv/versions/3.2.2/lib/ruby/gems/3.2.0/gems/zeitwerk-2.7.3/lib/zeitwerk/loader/eager_load.rb:16:in `each'
App 51767 output:     /home/deployer/.rbenv/versions/3.2.2/lib/ruby/gems/3.2.0/gems/zeitwerk-2.7.3/lib/zeitwerk/loader/eager_load.rb:16:in `block in eager_load'
App 51767 output:     /home/deployer/.rbenv/versions/3.2.2/lib/ruby/gems/3.2.0/gems/zeitwerk-2.7.3/lib/zeitwerk/loader/eager_load.rb:10:in `synchronize'
App 51767 output:     /home/deployer/.rbenv/versions/3.2.2/lib/ruby/gems/3.2.0/gems/zeitwerk-2.7.3/lib/zeitwerk/loader/eager_load.rb:10:in `eager_load'
App 51767 output:     /home/deployer/.rbenv/versions/3.2.2/lib/ruby/gems/3.2.0/gems/zeitwerk-2.7.3/lib/zeitwerk/loader.rb:431:in `block in eager_load_all'
App 51767 output:     /home/deployer/.rbenv/versions/3.2.2/lib/ruby/gems/3.2.0/gems/zeitwerk-2.7.3/lib/zeitwerk/registry/loaders.rb:10:in `each'
App 51767 output:     /home/deployer/.rbenv/versions/3.2.2/lib/ruby/gems/3.2.0/gems/zeitwerk-2.7.3/lib/zeitwerk/registry/loaders.rb:10:in `each'
App 51767 output:     /home/deployer/.rbenv/versions/3.2.2/lib/ruby/gems/3.2.0/gems/zeitwerk-2.7.3/lib/zeitwerk/loader.rb:429:in `eager_load_all'
App 51767 output:     /home/deployer/.rbenv/versions/3.2.2/lib/ruby/gems/3.2.0/gems/railties-8.0.2/lib/rails/application/finisher.rb:79:in `block in <module:Finisher>'
App 51767 output:     /home/deployer/.rbenv/versions/3.2.2/lib/ruby/gems/3.2.0/gems/railties-8.0.2/lib/rails/initializable.rb:32:in `instance_exec'
App 51767 output:     /home/deployer/.rbenv/versions/3.2.2/lib/ruby/gems/3.2.0/gems/railties-8.0.2/lib/rails/initializable.rb:32:in `run'
App 51767 output:     /home/deployer/.rbenv/versions/3.2.2/lib/ruby/gems/3.2.0/gems/railties-8.0.2/lib/rails/initializable.rb:61:in `block in run_initializers'
App 51767 output:     /home/deployer/.rbenv/versions/3.2.2/lib/ruby/3.2.0/tsort.rb:228:in `block in tsort_each'
App 51767 output:     /home/deployer/.rbenv/versions/3.2.2/lib/ruby/3.2.0/tsort.rb:350:in `block (2 levels) in each_strongly_connected_component'
App 51767 output:     /home/deployer/.rbenv/versions/3.2.2/lib/ruby/3.2.0/tsort.rb:431:in `each_strongly_connected_component_from'
App 51767 output:     /home/deployer/.rbenv/versions/3.2.2/lib/ruby/3.2.0/tsort.rb:349:in `block in each_strongly_connected_component'
App 51767 output:     /home/deployer/.rbenv/versions/3.2.2/lib/ruby/3.2.0/tsort.rb:347:in `each'
App 51767 output:     /home/deployer/.rbenv/versions/3.2.2/lib/ruby/3.2.0/tsort.rb:347:in `call'
App 51767 output:     /home/deployer/.rbenv/versions/3.2.2/lib/ruby/3.2.0/tsort.rb:347:in `each_strongly_connected_component'
App 51767 output:     /home/deployer/.rbenv/versions/3.2.2/lib/ruby/3.2.0/tsort.rb:226:in `tsort_each'
App 51767 output:     /home/deployer/.rbenv/versions/3.2.2/lib/ruby/3.2.0/tsort.rb:205:in `tsort_each'
App 51767 output:     /home/deployer/.rbenv/versions/3.2.2/lib/ruby/gems/3.2.0/gems/railties-8.0.2/lib/rails/initializable.rb:60:in `run_initializers'
App 51767 output:     /home/deployer/.rbenv/versions/3.2.2/lib/ruby/gems/3.2.0/gems/railties-8.0.2/lib/rails/application.rb:440:in `initialize!'
App 51767 output:     /home/deployer/anamika1016/config/environment.rb:5:in `<top (required)>'
App 51767 output:     config.ru:3:in `require_relative'
App 51767 output:     config.ru:3:in `block in <main>'
App 51767 output:     /home/deployer/.rbenv/versions/3.2.2/lib/ruby/gems/3.2.0/gems/rack-3.1.16/lib/rack/builder.rb:124:in `instance_eval'
App 51767 output:     /home/deployer/.rbenv/versions/3.2.2/lib/ruby/gems/3.2.0/gems/rack-3.1.16/lib/rack/builder.rb:124:in `initialize'
App 51767 output:     config.ru:1:in `new'
App 51767 output:     config.ru:1:in `<main>'
App 51767 output:     /home/deployer/.rbenv/versions/3.2.2/lib/ruby/gems/3.2.0/gems/passenger-6.1.1/src/helper-scripts/rack-preloader.rb:101:in `eval'
App 51767 output:     /home/deployer/.rbenv/versions/3.2.2/lib/ruby/gems/3.2.0/gems/passenger-6.1.1/src/helper-scripts/rack-preloader.rb:101:in `preload_app'
App 51767 output:     /home/deployer/.rbenv/versions/3.2.2/lib/ruby/gems/3.2.0/gems/passenger-6.1.1/src/helper-scripts/rack-preloader.rb:189:in `block in <module:App>'
App 51767 output:     /home/deployer/.rbenv/versions/3.2.2/lib/ruby/gems/3.2.0/gems/passenger-6.1.1/src/ruby_supportlib/phusion_passenger/loader_shared_helpers.rb:399:in `run_block_and_record_step_progress'
App 51767 output:     /home/deployer/.rbenv/versions/3.2.2/lib/ruby/gems/3.2.0/gems/passenger-6.1.1/src/helper-scripts/rack-preloader.rb:188:in `<module:App>'
App 51767 output:     /home/deployer/.rbenv/versions/3.2.2/lib/ruby/gems/3.2.0/gems/passenger-6.1.1/src/helper-scripts/rack-preloader.rb:30:in `<module:PhusionPassenger>'
App 51767 output:     /home/deployer/.rbenv/versions/3.2.2/lib/ruby/gems/3.2.0/ge
App 51767 output: ms/passenger-6.1.1/src/helper-scripts/rack-preloader.rb:29:in `<main>'
[ E 2026-01-30 09:32:25.2403 51173/T1u age/Cor/App/Implementation.cpp:218 ]: Could not spawn process for application /home/deployer/anamika1016: The application encountered the following error: The `cable` database is not configured for the `production` environment.

  Available database configurations are:

  default
development
test
production
 (ActiveRecord::AdapterNotSpecified)
  Error ID: 2e775d90
  Error details saved to: /tmp/passenger-error-lzaM9I.html

[ E 2026-01-30 09:32:25.2425 51173/T9 age/Cor/Con/CheckoutSession.cpp:368 ]: [Client 1-6] Cannot checkout session because a spawning error occurred. The identifier of the error is 2e775d90. Please see earlier logs for details about the error.
App 51848 output: Error: The application encountered the following error: The `cable` database is not configured for the `production` environment.
App 51848 output: 
App 51848 output:   Available database configurations are:
App 51848 output: 
App 51848 output:   default
App 51848 output: development
App 51848 output: test
App 51848 output: production
App 51848 output:  (ActiveRecord::AdapterNotSpecified)
App 51848 output:     /home/deployer/.rbenv/versions/3.2.2/lib/ruby/gems/3.2.0/gems/activerecord-8.0.2/lib/active_record/database_configurations.rb:229:in `resolve_symbol_connection'
App 51848 output:     /home/deployer/.rbenv/versions/3.2.2/lib/ruby/gems/3.2.0/gems/activerecord-8.0.2/lib/active_record/database_configurations.rb:179:in `resolve'
App 51848 output:     /home/deployer/.rbenv/versions/3.2.2/lib/ruby/gems/3.2.0/gems/activerecord-8.0.2/lib/active_record/connection_handling.rb:391:in `resolve_config_for_connection'
App 51848 output:     /home/deployer/.rbenv/versions/3.2.2/lib/ruby/gems/3.2.0/gems/activerecord-8.0.2/lib/active_record/connection_handling.rb:100:in `block (2 levels) in connects_to'
App 51848 output:     /home/deployer/.rbenv/versions/3.2.2/lib/ruby/gems/3.2.0/gems/activerecord-8.0.2/lib/active_record/connection_handling.rb:99:in `each'
App 51848 output:     /home/deployer/.rbenv/versions/3.2.2/lib/ruby/gems/3.2.0/gems/activerecord-8.0.2/lib/active_record/connection_handling.rb:99:in `block in connects_to'
App 51848 output:     /home/deployer/.rbenv/versions/3.2.2/lib/ruby/gems/3.2.0/gems/activerecord-8.0.2/lib/active_record/connection_handling.rb:98:in `each'
App 51848 output:     /home/deployer/.rbenv/versions/3.2.2/lib/ruby/gems/3.2.0/gems/activerecord-8.0.2/lib/active_record/connection_handling.rb:98:in `connects_to'
App 51848 output:     /home/deployer/.rbenv/versions/3.2.2/lib/ruby/gems/3.2.0/gems/solid_cable-3.0.11/app/models/solid_cable/record.rb:7:in `<class:Record>'
App 51848 output:     /home/deployer/.rbenv/versions/3.2.2/lib/ruby/gems/3.2.0/gems/solid_cable-3.0.11/app/models/solid_cable/record.rb:4:in `<module:SolidCable>'
App 51848 output:     /home/deployer/.rbenv/versions/3.2.2/lib/ruby/gems/3.2.0/gems/solid_cable-3.0.11/app/models/solid_cable/record.rb:3:in `<main>'
App 51848 output:     <internal:/home/deployer/.rbenv/versions/3.2.2/lib/ruby/3.2.0/rubygems/core_ext/kernel_require.rb>:37:in `require'
App 51848 output:     <internal:/home/deployer/.rbenv/versions/3.2.2/lib/ruby/3.2.0/rubygems/core_ext/kernel_require.rb>:37:in `require'
App 51848 output:     /home/deployer/.rbenv/versions/3.2.2/lib/ruby/gems/3.2.0/gems/bootsnap-1.18.6/lib/bootsnap/load_path_cache/core_ext/kernel_require.rb:30:in `require'
App 51848 output:     /home/deployer/.rbenv/versions/3.2.2/lib/ruby/gems/3.2.0/gems/zeitwerk-2.7.3/lib/zeitwerk/core_ext/kernel.rb:26:in `require'
App 51848 output:     /home/deployer/.rbenv/versions/3.2.2/lib/ruby/gems/3.2.0/gems/solid_cable-3.0.11/app/models/solid_cable/message.rb:4:in `<module:SolidCable>'
App 51848 output:     /home/deployer/.rbenv/versions/3.2.2/lib/ruby/gems/3.2.0/gems/solid_cable-3.0.11/app/models/solid_cable/message.rb:3:in `<main>'
App 51848 output:     <internal:/home/deployer/.rbenv/versions/3.2.2/lib/ruby/3.2.0/rubygems/core_ext/kernel_require.rb>:37:in `require'
App 51848 output:     <internal:/home/deployer/.rbenv/versions/3.2.2/lib/ruby/3.2.0/rubygems/core_ext/kernel_require.rb>:37:in `require'
App 51848 output:     /home/deployer/.rbenv/versions/3.2.2/lib/ruby/gems/3.2.0/gems/bootsnap-1.18.6/lib/bootsnap/load_path_cache/core_ext/kernel_require.rb:30:in `require'
App 51848 output:     /home/deployer/.rbenv/versions/3.2.2/lib/ruby/gems/3.2.0/gems/zeitwerk-2.7.3/lib/zeitwerk/core_ext/kernel.rb:26:in `require'
App 51848 output:     /home/deployer/.rbenv/versions/3.2.2/lib/ruby/gems/3.2.0/gems/zeitwerk-2.7.3/lib/zeitwerk/cref.rb:62:in `const_get'
App 51848 output:     /home/deployer/.rbenv/versions/3.2.2/lib/ruby/gems/3.2.0/gems/zeitwerk-2.7.3/lib/zeitwerk/cref.rb:62:in `get'
App 51848 output:     /home/deployer/.rbenv/versions/3.2.2/lib/ruby/gems/3.2.0/gems/zeitwerk-2.7.3/lib/zeitwerk/loader/eager_load.rb:173:in `block in actual_eager_load_dir'
App 51848 output:     /home/deployer/.rbenv/versions/3.2.2/lib/ruby/gems/3.2.0/gems/zeitwerk-2.7.3/lib/zeitwerk/loader/helpers.rb:47:in `block in ls'
App 51848 output:     /home/deployer/.rbenv/versions/3.2.2/lib/ruby/gems/3.2.0/gems/zeitwerk-2.7.3/lib/zeitwerk/loader/helpers.rb:25:in `each'
App 51848 output:     /home/deployer/.rbenv/versions/3.2.2/lib/ruby/gems/3.2.0/gems/zeitwerk-2.7.3/lib/zeitwerk/loader/helpers.rb:25:in `ls'
App 51848 output:     /home/deployer/.rbenv/versions/3.2.2/lib/ruby/gems/3.2.0/gems/zeitwerk-2.7.3/lib/zeitwerk/loader/eager_load.rb:168:in `actual_eager_load_dir'
App 51848 output:     /home/deployer/.rbenv/versions/3.2.2/lib/ruby/gems/3.2.0/gems/zeitwerk-2.7.3/lib/zeitwerk/loader/eager_load.rb:17:in `block (2 levels) in eager_load'
App 51848 output:     /home/deployer/.rbenv/versions/3.2.2/lib/ruby/gems/3.2.0/gems/zeitwerk-2.7.3/lib/zeitwerk/loader/eager_load.rb:16:in `each'
App 51848 output:     /home/deployer/.rbenv/versions/3.2.2/lib/ruby/gems/3.2.0/gems/zeitwerk-2.7.3/lib/zeitwerk/loader/eager_load.rb:16:in `block in eager_load'
App 51848 output:     /home/deployer/.rbenv/versions/3.2.2/lib/ruby/gems/3.2.0/gems/zeitwerk-2.7.3/lib/zeitwerk/loader/eager_load.rb:10:in `synchronize'
App 51848 output:     /home/deployer/.rbenv/versions/3.2.2/lib/ruby/gems/3.2.0/gems/zeitwerk-2.7.3/lib/zeitwerk/loader/eager_load.rb:10:in `eager_load'
App 51848 output:     /home/deployer/.rbenv/versions/3.2.2/lib/ruby/gems/3.2.0/gems/zeitwerk-2.7.3/lib/zeitwerk/loader.rb:431:in `block in eager_load_all'
App 51848 output:     /home/deployer/.rbenv/versions/3.2.2/lib/ruby/gems/3.2.0/gems/zeitwerk-2.7.3/lib/zeitwerk/registry/loaders.rb:10:in `each'
App 51848 output:     /home/deployer/.rbenv/versions/3.2.2/lib/ruby/gems/3.2.0/gems/zeitwerk-2.7.3/lib/zeitwerk/registry/loaders.rb:10:in `each'
App 51848 output:     /home/deployer/.rbenv/versions/3.2.2/lib/ruby/gems/3.2.0/gems/zeitwerk-2.7.3/lib/zeitwerk/loader.rb:429:in `eager_load_all'
App 51848 output:     /home/deployer/.rbenv/versions/3.2.2/lib/ruby/gems/3.2.0/gems/railties-8.0.2/lib/rails/application/finisher.rb:79:in `block in <module:Finisher>'
App 51848 output:     /home/deployer/.rbenv/versions/3.2.2/lib/ruby/gems/3.2.0/gems/railties-8.0.2/lib/rails/initializable.rb:32:in `instance_exec'
App 51848 output:     /home/deployer/.rbenv/versions/3.2.2/lib/ruby/gems/3.2.0/gems/railties-8.0.2/lib/rails/initializable.rb:32:in `run'
App 51848 output:     /home/deployer/.rbenv/versions/3.2.2/lib/ruby/gems/3.2.0/gems/railties-8.0.2/lib/rails/initializable.rb:61:in `block in run_initializers'
App 51848 output:     /home/deployer/.rbenv/versions/3.2.2/lib/ruby/3.2.0/tsort.rb:228:in `block in tsort_each'
App 51848 output:     /home/deployer/.rbenv/versions/3.2.2/lib/ruby/3.2.0/tsort.rb:350:in `block (2 levels) in each_strongly_connected_component'
App 51848 output:     /home/deployer/.rbenv/versions/3.2.2/lib/ruby/3.2.0/tsort.rb:431:in `each_strongly_connected_component_from'
App 51848 output:     /home/deployer/.rbenv/versions/3.2.2/lib/ruby/3.2.0/tsort.rb:349:in `block in each_strongly_connected_component'
App 51848 output:     /home/deployer/.rbenv/versions/3.2.2/lib/ruby/3.2.0/tsort.rb:347:in `each'
App 51848 output:     /home/deployer/.rbenv/versions/3.2.2/lib/ruby/3.2.0/tsort.rb:347:in `call'
App 51848 output:     /home/deployer/.rbenv/versions/3.2.2/lib/ruby/3.2.0/tsort.rb:347:in `each_strongly_connected_component'
App 51848 output:     /home/deployer/.rbenv/versions/3.2.2/lib/ruby/3.2.0/tsort.rb:226:in `tsort_each'
App 51848 output:     /home/deployer/.rbenv/versions/3.2.2/lib/ruby/3.2.0/tsort.rb:205:in `tsort_each'
App 51848 output:     /home/deployer/.rbenv/versions/3.2.2/lib/ruby/gems/3.2.0/gems/railties-8.0.2/lib/rails/initializable.rb:60:in `run_initializers'
App 51848 output:     /home/deployer/.rbenv/versions/3.2.2/lib/ruby/gems/3.2.0/gems/railties-8.0.2/lib/rails/application.rb:440:in `initialize!'
App 51848 output:     /home/deployer/anamika1016/config/environment.rb:5:in `<top (required)>'
App 51848 output:     config.ru:3:in `require_relative'
App 51848 output:     config.ru:3:in `block in <main>'
App 51848 output:     /home/deployer/.rbenv/versions/3.2.2/lib/ruby/gems/3.2.0/gems/rack-3.1.16/lib/rack/builder.rb:124:in `instance_eval'
App 51848 output:     /home/deployer/.rbenv/versions/3.2.2/lib/ruby/gems/3.2.0/gems/rack-3.1.16/lib/rack/builder.rb:124:in `initialize'
App 51848 output:     config.ru:1:in `new'
App 51848 output:     config.ru:1:in `<main>'
App 51848 output:     /home/deployer/.rbenv/versions/3.2.2/lib/ruby/gems/3.2.0/gems/passenger-6.1.1/src/helper-scripts/rack-preloader.rb:101:in `eval'
App 51848 output:     /home/deployer/.rbenv/versions/3.2.2/lib/ruby/gems/3.2.0/gems/passenger-6.1.1/src/helper-scripts/rack-preloader.rb:101:in `preload_app'
App 51848 output:     /home/deployer/.rbenv/versions/3.2.2/lib/ruby/gems/3.2.0/gems/passenger-6.1.1/src/helper-scripts/rack-preloader.rb:189:in `block in <module:App>'
App 51848 output:     /home/deployer/.rbenv/versions/3.2.2/lib/ruby/gems/3.2.0/gems/passenger-6.1.1/src/ruby_supportlib/phusion_passenger/loader_shared_helpers.rb:399:in `run_block_and_record_step_progress'
App 51848 output:     /home/deployer/.rbenv/versions/3.2.2/lib/ruby/gems/3.2.0/gems/passenger-6.1.1/src/helper-scripts/rack-preloader.rb:188:in `<module:App>'
App 51848 output:     /home/deployer/.rbenv/versions/3.2.2/lib/ruby/gems/3.2.0/gems/passenger-6.1.1/src/helper-scripts/rack-preloader.rb:30:in `<module:PhusionPassenger>'
App 51848 output:     /home/deployer/.rbenv/versions/3.2.2/lib/ruby/gems/3.2.0/ge
App 51848 output: ms/passenger-6.1.1/src/helper-scripts/rack-preloader.rb:29:in `<main>'
[ E 2026-01-30 09:35:41.9028 51173/T1z age/Cor/App/Implementation.cpp:218 ]: Could not spawn process for application /home/deployer/anamika1016: The application encountered the following error: The `cable` database is not configured for the `production` environment.

  Available database configurations are:

  default
development
test
production
 (ActiveRecord::AdapterNotSpecified)
  Error ID: 3290f06c
  Error details saved to: /tmp/passenger-error-HPcU53.html

[ E 2026-01-30 09:35:41.9048 51173/Tb age/Cor/Con/CheckoutSession.cpp:368 ]: [Client 2-6] Cannot checkout session because a spawning error occurred. The identifier of the error is 3290f06c. Please see earlier logs for details about the error.
App 51887 output: Error: The application encountered the following error: The `cable` database is not configured for the `production` environment.
App 51887 output: 
App 51887 output:   Available database configurations are:
App 51887 output: 
App 51887 output:   default
App 51887 output: development
App 51887 output: test
App 51887 output: production
App 51887 output:  (ActiveRecord::AdapterNotSpecified)
App 51887 output:     /home/deployer/.rbenv/versions/3.2.2/lib/ruby/gems/3.2.0/gems/activerecord-8.0.2/lib/active_record/database_configurations.rb:229:in `resolve_symbol_connection'
App 51887 output:     /home/deployer/.rbenv/versions/3.2.2/lib/ruby/gems/3.2.0/gems/activerecord-8.0.2/lib/active_record/database_configurations.rb:179:in `resolve'
App 51887 output:     /home/deployer/.rbenv/versions/3.2.2/lib/ruby/gems/3.2.0/gems/activerecord-8.0.2/lib/active_record/connection_handling.rb:391:in `resolve_config_for_connection'
App 51887 output:     /home/deployer/.rbenv/versions/3.2.2/lib/ruby/gems/3.2.0/gems/activerecord-8.0.2/lib/active_record/connection_handling.rb:100:in `block (2 levels) in connects_to'
App 51887 output:     /home/deployer/.rbenv/versions/3.2.2/lib/ruby/gems/3.2.0/gems/activerecord-8.0.2/lib/active_record/connection_handling.rb:99:in `each'
App 51887 output:     /home/deployer/.rbenv/versions/3.2.2/lib/ruby/gems/3.2.0/gems/activerecord-8.0.2/lib/active_record/connection_handling.rb:99:in `block in connects_to'
App 51887 output:     /home/deployer/.rbenv/versions/3.2.2/lib/ruby/gems/3.2.0/gems/activerecord-8.0.2/lib/active_record/connection_handling.rb:98:in `each'
App 51887 output:     /home/deployer/.rbenv/versions/3.2.2/lib/ruby/gems/3.2.0/gems/activerecord-8.0.2/lib/active_record/connection_handling.rb:98:in `connects_to'
App 51887 output:     /home/deployer/.rbenv/versions/3.2.2/lib/ruby/gems/3.2.0/gems/solid_cable-3.0.11/app/models/solid_cable/record.rb:7:in `<class:Record>'
App 51887 output:     /home/deployer/.rbenv/versions/3.2.2/lib/ruby/gems/3.2.0/gems/solid_cable-3.0.11/app/models/solid_cable/record.rb:4:in `<module:SolidCable>'
App 51887 output:     /home/deployer/.rbenv/versions/3.2.2/lib/ruby/gems/3.2.0/gems/solid_cable-3.0.11/app/models/solid_cable/record.rb:3:in `<main>'
App 51887 output:     <internal:/home/deployer/.rbenv/versions/3.2.2/lib/ruby/3.2.0/rubygems/core_ext/kernel_require.rb>:37:in `require'
App 51887 output:     <internal:/home/deployer/.rbenv/versions/3.2.2/lib/ruby/3.2.0/rubygems/core_ext/kernel_require.rb>:37:in `require'
App 51887 output:     /home/deployer/.rbenv/versions/3.2.2/lib/ruby/gems/3.2.0/gems/bootsnap-1.18.6/lib/bootsnap/load_path_cache/core_ext/kernel_require.rb:30:in `require'
App 51887 output:     /home/deployer/.rbenv/versions/3.2.2/lib/ruby/gems/3.2.0/gems/zeitwerk-2.7.3/lib/zeitwerk/core_ext/kernel.rb:26:in `require'
App 51887 output:     /home/deployer/.rbenv/versions/3.2.2/lib/ruby/gems/3.2.0/gems/solid_cable-3.0.11/app/models/solid_cable/message.rb:4:in `<module:SolidCable>'
App 51887 output:     /home/deployer/.rbenv/versions/3.2.2/lib/ruby/gems/3.2.0/gems/solid_cable-3.0.11/app/models/solid_cable/message.rb:3:in `<main>'
App 51887 output:     <internal:/home/deployer/.rbenv/versions/3.2.2/lib/ruby/3.2.0/rubygems/core_ext/kernel_require.rb>:37:in `require'
App 51887 output:     <internal:/home/deployer/.rbenv/versions/3.2.2/lib/ruby/3.2.0/rubygems/core_ext/kernel_require.rb>:37:in `require'
App 51887 output:     /home/deployer/.rbenv/versions/3.2.2/lib/ruby/gems/3.2.0/gems/bootsnap-1.18.6/lib/bootsnap/load_path_cache/core_ext/kernel_require.rb:30:in `require'
App 51887 output:     /home/deployer/.rbenv/versions/3.2.2/lib/ruby/gems/3.2.0/gems/zeitwerk-2.7.3/lib/zeitwerk/core_ext/kernel.rb:26:in `require'
App 51887 output:     /home/deployer/.rbenv/versions/3.2.2/lib/ruby/gems/3.2.0/gems/zeitwerk-2.7.3/lib/zeitwerk/cref.rb:62:in `const_get'
App 51887 output:     /home/deployer/.rbenv/versions/3.2.2/lib/ruby/gems/3.2.0/gems/zeitwerk-2.7.3/lib/zeitwerk/cref.rb:62:in `get'
App 51887 output:     /home/deployer/.rbenv/versions/3.2.2/lib/ruby/gems/3.2.0/gems/zeitwerk-2.7.3/lib/zeitwerk/loader/eager_load.rb:173:in `block in actual_eager_load_dir'
App 51887 output:     /home/deployer/.rbenv/versions/3.2.2/lib/ruby/gems/3.2.0/gems/zeitwerk-2.7.3/lib/zeitwerk/loader/helpers.rb:47:in `block in ls'
App 51887 output:     /home/deployer/.rbenv/versions/3.2.2/lib/ruby/gems/3.2.0/gems/zeitwerk-2.7.3/lib/zeitwerk/loader/helpers.rb:25:in `each'
App 51887 output:     /home/deployer/.rbenv/versions/3.2.2/lib/ruby/gems/3.2.0/gems/zeitwerk-2.7.3/lib/zeitwerk/loader/helpers.rb:25:in `ls'
App 51887 output:     /home/deployer/.rbenv/versions/3.2.2/lib/ruby/gems/3.2.0/gems/zeitwerk-2.7.3/lib/zeitwerk/loader/eager_load.rb:168:in `actual_eager_load_dir'
App 51887 output:     /home/deployer/.rbenv/versions/3.2.2/lib/ruby/gems/3.2.0/gems/zeitwerk-2.7.3/lib/zeitwerk/loader/eager_load.rb:17:in `block (2 levels) in eager_load'
App 51887 output:     /home/deployer/.rbenv/versions/3.2.2/lib/ruby/gems/3.2.0/gems/zeitwerk-2.7.3/lib/zeitwerk/loader/eager_load.rb:16:in `each'
App 51887 output:     /home/deployer/.rbenv/versions/3.2.2/lib/ruby/gems/3.2.0/gems/zeitwerk-2.7.3/lib/zeitwerk/loader/eager_load.rb:16:in `block in eager_load'
App 51887 output:     /home/deployer/.rbenv/versions/3.2.2/lib/ruby/gems/3.2.0/gems/zeitwerk-2.7.3/lib/zeitwerk/loader/eager_load.rb:10:in `synchronize'
App 51887 output:     /home/deployer/.rbenv/versions/3.2.2/lib/ruby/gems/3.2.0/gems/zeitwerk-2.7.3/lib/zeitwerk/loader/eager_load.rb:10:in `eager_load'
App 51887 output:     /home/deployer/.rbenv/versions/3.2.2/lib/ruby/gems/3.2.0/gems/zeitwerk-2.7.3/lib/zeitwerk/loader.rb:431:in `block in eager_load_all'
App 51887 output:     /home/deployer/.rbenv/versions/3.2.2/lib/ruby/gems/3.2.0/gems/zeitwerk-2.7.3/lib/zeitwerk/registry/loaders.rb:10:in `each'
App 51887 output:     /home/deployer/.rbenv/versions/3.2.2/lib/ruby/gems/3.2.0/gems/zeitwerk-2.7.3/lib/zeitwerk/registry/loaders.rb:10:in `each'
App 51887 output:     /home/deployer/.rbenv/versions/3.2.2/lib/ruby/gems/3.2.0/gems/zeitwerk-2.7.3/lib/zeitwerk/loader.rb:429:in `eager_load_all'
App 51887 output:     /home/deployer/.rbenv/versions/3.2.2/lib/ruby/gems/3.2.0/gems/railties-8.0.2/lib/rails/application/finisher.rb:79:in `block in <module:Finisher>'
App 51887 output:     /home/deployer/.rbenv/versions/3.2.2/lib/ruby/gems/3.2.0/gems/railties-8.0.2/lib/rails/initializable.rb:32:in `instance_exec'
App 51887 output:     /home/deployer/.rbenv/versions/3.2.2/lib/ruby/gems/3.2.0/gems/railties-8.0.2/lib/rails/initializable.rb:32:in `run'
App 51887 output:     /home/deployer/.rbenv/versions/3.2.2/lib/ruby/gems/3.2.0/gems/railties-8.0.2/lib/rails/initializable.rb:61:in `block in run_initializers'
App 51887 output:     /home/deployer/.rbenv/versions/3.2.2/lib/ruby/3.2.0/tsort.rb:228:in `block in tsort_each'
App 51887 output:     /home/deployer/.rbenv/versions/3.2.2/lib/ruby/3.2.0/tsort.rb:350:in `block (2 levels) in each_strongly_connected_component'
App 51887 output:     /home/deployer/.rbenv/versions/3.2.2/lib/ruby/3.2.0/tsort.rb:431:in `each_strongly_connected_component_from'
App 51887 output:     /home/deployer/.rbenv/versions/3.2.2/lib/ruby/3.2.0/tsort.rb:349:in `block in each_strongly_connected_component'
App 51887 output:     /home/deployer/.rbenv/versions/3.2.2/lib/ruby/3.2.0/tsort.rb:347:in `each'
App 51887 output:     /home/deployer/.rbenv/versions/3.2.2/lib/ruby/3.2.0/tsort.rb:347:in `call'
App 51887 output:     /home/deployer/.rbenv/versions/3.2.2/lib/ruby/3.2.0/tsort.rb:347:in `each_strongly_connected_component'
App 51887 output:     /home/deployer/.rbenv/versions/3.2.2/lib/ruby/3.2.0/tsort.rb:226:in `tsort_each'
App 51887 output:     /home/deployer/.rbenv/versions/3.2.2/lib/ruby/3.2.0/tsort.rb:205:in `tsort_each'
App 51887 output:     /home/deployer/.rbenv/versions/3.2.2/lib/ruby/gems/3.2.0/gems/railties-8.0.2/lib/rails/initializable.rb:60:in `run_initializers'
App 51887 output:     /home/deployer/.rbenv/versions/3.2.2/lib/ruby/gems/3.2.0/gems/railties-8.0.2/lib/rails/application.rb:440:in `initialize!'
App 51887 output:     /home/deployer/anamika1016/config/environment.rb:5:in `<top (required)>'
App 51887 output:     config.ru:3:in `require_relative'
App 51887 output:     config.ru:3:in `block in <main>'
App 51887 output:     /home/deployer/.rbenv/versions/3.2.2/lib/ruby/gems/3.2.0/gems/rack-3.1.16/lib/rack/builder.rb:124:in `instance_eval'
App 51887 output:     /home/deployer/.rbenv/versions/3.2.2/lib/ruby/gems/3.2.0/gems/rack-3.1.16/lib/rack/builder.rb:124:in `initialize'
App 51887 output:     config.ru:1:in `new'
App 51887 output:     config.ru:1:in `<main>'
App 51887 output:     /home/deployer/.rbenv/versions/3.2.2/lib/ruby/gems/3.2.0/gems/passenger-6.1.1/src/helper-scripts/rack-preloader.rb:101:in `eval'
App 51887 output:     /home/deployer/.rbenv/versions/3.2.2/lib/ruby/gems/3.2.0/gems/passenger-6.1.1/src/helper-scripts/rack-preloader.rb:101:in `preload_app'
App 51887 output:     /home/deployer/.rbenv/versions/3.2.2/lib/ruby/gems/3.2.0/gems/passenger-6.1.1/src/helper-scripts/rack-preloader.rb:189:in `block in <module:App>'
App 51887 output:     /home/deployer/.rbenv/versions/3.2.2/lib/ruby/gems/3.2.0/gems/passenger-6.1.1/src/ruby_supportlib/phusion_passenger/loader_shared_helpers.rb:399:in `run_block_and_record_step_progress'
App 51887 output:     /home/deployer/.rbenv/versions/3.2.2/lib/ruby/gems/3.2.0/gems/passenger-6.1.1/src/helper-scripts/rack-prel
App 51887 output: oader.rb:188:in `<module:App>'
App 51887 output:     /home/deployer/.rbenv/versions/3.2.2/lib/ruby/gems/3.2.0/gems/passenger-6.1.1/src/helper-scripts/rack-preloader.rb:30:in `<module:PhusionPassenger>'
App 51887 output:     /home/deployer/.rbenv/versions/3.2.2/lib/ruby/gems/3.2.0/gems/passenger-6.1.1/src/helper-scripts/rack-preloader.rb:29:in `<main>'
[ E 2026-01-30 09:35:43.5436 51173/T24 age/Cor/App/Implementation.cpp:218 ]: Could not spawn process for application /home/deployer/anamika1016: The application encountered the following error: The `cable` database is not configured for the `production` environment.

  Available database configurations are:

  default
development
test
production
 (ActiveRecord::AdapterNotSpecified)
  Error ID: d6e71d22
  Error details saved to: /tmp/passenger-error-jGbNq5.html

[ E 2026-01-30 09:35:43.5460 51173/T9 age/Cor/Con/CheckoutSession.cpp:368 ]: [Client 1-7] Cannot checkout session because a spawning error occurred. The identifier of the error is d6e71d22. Please see earlier logs for details about the error.
App 52045 output: Error: The application encountered the following error: The `cable` database is not configured for the `production` environment.
App 52045 output: 
App 52045 output:   Available database configurations are:
App 52045 output: 
App 52045 output:   default
App 52045 output: development
App 52045 output: test
App 52045 output: production
App 52045 output:  (ActiveRecord::AdapterNotSpecified)
App 52045 output:     /home/deployer/.rbenv/versions/3.2.2/lib/ruby/gems/3.2.0/gems/activerecord-8.0.2/lib/active_record/database_configurations.rb:229:in `resolve_symbol_connection'
App 52045 output:     /home/deployer/.rbenv/versions/3.2.2/lib/ruby/gems/3.2.0/gems/activerecord-8.0.2/lib/active_record/database_configurations.rb:179:in `resolve'
App 52045 output:     /home/deployer/.rbenv/versions/3.2.2/lib/ruby/gems/3.2.0/gems/activerecord-8.0.2/lib/active_record/connection_handling.rb:391:in `resolve_config_for_connection'
App 52045 output:     /home/deployer/.rbenv/versions/3.2.2/lib/ruby/gems/3.2.0/gems/activerecord-8.0.2/lib/active_record/connection_handling.rb:100:in `block (2 levels) in connects_to'
App 52045 output:     /home/deployer/.rbenv/versions/3.2.2/lib/ruby/gems/3.2.0/gems/activerecord-8.0.2/lib/active_record/connection_handling.rb:99:in `each'
App 52045 output:     /home/deployer/.rbenv/versions/3.2.2/lib/ruby/gems/3.2.0/gems/activerecord-8.0.2/lib/active_record/connection_handling.rb:99:in `block in connects_to'
App 52045 output:     /home/deployer/.rbenv/versions/3.2.2/lib/ruby/gems/3.2.0/gems/activerecord-8.0.2/lib/active_record/connection_handling.rb:98:in `each'
App 52045 output:     /home/deployer/.rbenv/versions/3.2.2/lib/ruby/gems/3.2.0/gems/activerecord-8.0.2/lib/active_record/connection_handling.rb:98:in `connects_to'
App 52045 output:     /home/deployer/.rbenv/versions/3.2.2/lib/ruby/gems/3.2.0/gems/solid_cable-3.0.11/app/models/solid_cable/record.rb:7:in `<class:Record>'
App 52045 output:     /home/deployer/.rbenv/versions/3.2.2/lib/ruby/gems/3.2.0/gems/solid_cable-3.0.11/app/models/solid_cable/record.rb:4:in `<module:SolidCable>'
App 52045 output:     /home/deployer/.rbenv/versions/3.2.2/lib/ruby/gems/3.2.0/gems/solid_cable-3.0.11/app/models/solid_cable/record.rb:3:in `<main>'
App 52045 output:     <internal:/home/deployer/.rbenv/versions/3.2.2/lib/ruby/3.2.0/rubygems/core_ext/kernel_require.rb>:37:in `require'
App 52045 output:     <internal:/home/deployer/.rbenv/versions/3.2.2/lib/ruby/3.2.0/rubygems/core_ext/kernel_require.rb>:37:in `require'
App 52045 output:     /home/deployer/.rbenv/versions/3.2.2/lib/ruby/gems/3.2.0/gems/bootsnap-1.18.6/lib/bootsnap/load_path_cache/core_ext/kernel_require.rb:30:in `require'
App 52045 output:     /home/deployer/.rbenv/versions/3.2.2/lib/ruby/gems/3.2.0/gems/zeitwerk-2.7.3/lib/zeitwerk/core_ext/kernel.rb:26:in `require'
App 52045 output:     /home/deployer/.rbenv/versions/3.2.2/lib/ruby/gems/3.2.0/gems/solid_cable-3.0.11/app/models/solid_cable/message.rb:4:in `<module:SolidCable>'
App 52045 output:     /home/deployer/.rbenv/versions/3.2.2/lib/ruby/gems/3.2.0/gems/solid_cable-3.0.11/app/models/solid_cable/message.rb:3:in `<main>'
App 52045 output:     <internal:/home/deployer/.rbenv/versions/3.2.2/lib/ruby/3.2.0/rubygems/core_ext/kernel_require.rb>:37:in `require'
App 52045 output:     <internal:/home/deployer/.rbenv/versions/3.2.2/lib/ruby/3.2.0/rubygems/core_ext/kernel_require.rb>:37:in `require'
App 52045 output:     /home/deployer/.rbenv/versions/3.2.2/lib/ruby/gems/3.2.0/gems/bootsnap-1.18.6/lib/bootsnap/load_path_cache/core_ext/kernel_require.rb:30:in `require'
App 52045 output:     /home/deployer/.rbenv/versions/3.2.2/lib/ruby/gems/3.2.0/gems/zeitwerk-2.7.3/lib/zeitwerk/core_ext/kernel.rb:26:in `require'
App 52045 output:     /home/deployer/.rbenv/versions/3.2.2/lib/ruby/gems/3.2.0/gems/zeitwerk-2.7.3/lib/zeitwerk/cref.rb:62:in `const_get'
App 52045 output:     /home/deployer/.rbenv/versions/3.2.2/lib/ruby/gems/3.2.0/gems/zeitwerk-2.7.3/lib/zeitwerk/cref.rb:62:in `get'
App 52045 output:     /home/deployer/.rbenv/versions/3.2.2/lib/ruby/gems/3.2.0/gems/zeitwerk-2.7.3/lib/zeitwerk/loader/eager_load.rb:173:in `block in actual_eager_load_dir'
App 52045 output:     /home/deployer/.rbenv/versions/3.2.2/lib/ruby/gems/3.2.0/gems/zeitwerk-2.7.3/lib/zeitwerk/loader/helpers.rb:47:in `block in ls'
App 52045 output:     /home/deployer/.rbenv/versions/3.2.2/lib/ruby/gems/3.2.0/gems/zeitwerk-2.7.3/lib/zeitwerk/loader/helpers.rb:25:in `each'
App 52045 output:     /home/deployer/.rbenv/versions/3.2.2/lib/ruby/gems/3.2.0/gems/zeitwerk-2.7.3/lib/zeitwerk/loader/helpers.rb:25:in `ls'
App 52045 output:     /home/deployer/.rbenv/versions/3.2.2/lib/ruby/gems/3.2.0/gems/zeitwerk-2.7.3/lib/zeitwerk/loader/eager_load.rb:168:in `actual_eager_load_dir'
App 52045 output:     /home/deployer/.rbenv/versions/3.2.2/lib/ruby/gems/3.2.0/gems/zeitwerk-2.7.3/lib/zeitwerk/loader/eager_load.rb:17:in `block (2 levels) in eager_load'
App 52045 output:     /home/deployer/.rbenv/versions/3.2.2/lib/ruby/gems/3.2.0/gems/zeitwerk-2.7.3/lib/zeitwerk/loader/eager_load.rb:16:in `each'
App 52045 output:     /home/deployer/.rbenv/versions/3.2.2/lib/ruby/gems/3.2.0/gems/zeitwerk-2.7.3/lib/zeitwerk/loader/eager_load.rb:16:in `block in eager_load'
App 52045 output:     /home/deployer/.rbenv/versions/3.2.2/lib/ruby/gems/3.2.0/gems/zeitwerk-2.7.3/lib/zeitwerk/loader/eager_load.rb:10:in `synchronize'
App 52045 output:     /home/deployer/.rbenv/versions/3.2.2/lib/ruby/gems/3.2.0/gems/zeitwerk-2.7.3/lib/zeitwerk/loader/eager_load.rb:10:in `eager_load'
App 52045 output:     /home/deployer/.rbenv/versions/3.2.2/lib/ruby/gems/3.2.0/gems/zeitwerk-2.7.3/lib/zeitwerk/loader.rb:431:in `block in eager_load_all'
App 52045 output:     /home/deployer/.rbenv/versions/3.2.2/lib/ruby/gems/3.2.0/gems/zeitwerk-2.7.3/lib/zeitwerk/registry/loaders.rb:10:in `each'
App 52045 output:     /home/deployer/.rbenv/versions/3.2.2/lib/ruby/gems/3.2.0/gems/zeitwerk-2.7.3/lib/zeitwerk/registry/loaders.rb:10:in `each'
App 52045 output:     /home/deployer/.rbenv/versions/3.2.2/lib/ruby/gems/3.2.0/gems/zeitwerk-2.7.3/lib/zeitwerk/loader.rb:429:in `eager_load_all'
App 52045 output:     /home/deployer/.rbenv/versions/3.2.2/lib/ruby/gems/3.2.0/gems/railties-8.0.2/lib/rails/application/finisher.rb:79:in `block in <module:Finisher>'
App 52045 output:     /home/deployer/.rbenv/versions/3.2.2/lib/ruby/gems/3.2.0/gems/railties-8.0.2/lib/rails/initializable.rb:32:in `instance_exec'
App 52045 output:     /home/deployer/.rbenv/versions/3.2.2/lib/ruby/gems/3.2.0/gems/railties-8.0.2/lib/rails/initializable.rb:32:in `run'
App 52045 output:     /home/deployer/.rbenv/versions/3.2.2/lib/ruby/gems/3.2.0/gems/railties-8.0.2/lib/rails/initializable.rb:61:in `block in run_initializers'
App 52045 output:     /home/deployer/.rbenv/versions/3.2.2/lib/ruby/3.2.0/tsort.rb:228:in `block in tsort_each'
App 52045 output:     /home/deployer/.rbenv/versions/3.2.2/lib/ruby/3.2.0/tsort.rb:350:in `block (2 levels) in each_strongly_connected_component'
App 52045 output:     /home/deployer/.rbenv/versions/3.2.2/lib/ruby/3.2.0/tsort.rb:431:in `each_strongly_connected_component_from'
App 52045 output:     /home/deployer/.rbenv/versions/3.2.2/lib/ruby/3.2.0/tsort.rb:349:in `block in each_strongly_connected_component'
App 52045 output:     /home/deployer/.rbenv/versions/3.2.2/lib/ruby/3.2.0/tsort.rb:347:in `each'
App 52045 output:     /home/deployer/.rbenv/versions/3.2.2/lib/ruby/3.2.0/tsort.rb:347:in `call'
App 52045 output:     /home/deployer/.rbenv/versions/3.2.2/lib/ruby/3.2.0/tsort.rb:347:in `each_strongly_connected_component'
App 52045 output:     /home/deployer/.rbenv/versions/3.2.2/lib/ruby/3.2.0/tsort.rb:226:in `tsort_each'
App 52045 output:     /home/deployer/.rbenv/versions/3.2.2/lib/ruby/3.2.0/tsort.rb:205:in `tsort_each'
App 52045 output:     /home/deployer/.rbenv/versions/3.2.2/lib/ruby/gems/3.2.0/gems/railties-8.0.2/lib/rails/initializable.rb:60:in `run_initializers'
App 52045 output:     /home/deployer/.rbenv/versions/3.2.2/lib/ruby/gems/3.2.0/gems/railties-8.0.2/lib/rails/application.rb:440:in `initialize!'
App 52045 output:     /home/deployer/anamika1016/config/environment.rb:5:in `<top (required)>'
App 52045 output:     config.ru:3:in `require_relative'
App 52045 output:     config.ru:3:in `block in <main>'
App 52045 output:     /home/deployer/.rbenv/versions/3.2.2/lib/ruby/gems/3.2.0/gems/rack-3.1.16/lib/rack/builder.rb:124:in `instance_eval'
App 52045 output:     /home/deployer/.rbenv/versions/3.2.2/lib/ruby/gems/3.2.0/gems/rack-3.1.16/lib/rack/builder.rb:124:in `initialize'
App 52045 output:     config.ru:1:in `new'
App 52045 output:     config.ru:1:in `<main>'
App 52045 output:     /home/deployer/.rbenv/versions/3.2.2/lib/ruby/gems/3.2.0/gems/passenger-6.1.1/src/helper-scripts/rack-preloader.rb:101:in `eval'
App 52045 output:     /home/deployer/.rbenv/versions/3.2.2/lib/ruby/gems/3.2.0/gems/passenger-6.1.1/src/helper-scripts/rack-preloader.rb:101:in `preload_app'
App 52045 output:     /home/deployer/.rbenv/versions/3.2.2/lib/ruby/gems/3.2.0/gems/passenger-6.1.1/src/helper-scripts/rack-preloader.rb:189:in `block in <module:App>'
App 52045 output:     /home/deployer/.rbenv/versions/3.2.2/lib/ruby/gems/3.2.0/gems/passenger-6.1.1/src/ruby_supportlib/phusion_passenger/loader_shared_helpers.rb:399:in `run_block_and_record_step_progress'
App 52045 output:     /home/deployer/.rbenv/versions/3.2.2/lib/ruby/gems/3.2.0/gems/passenger-6.1.1/src/helper-scripts/rack-prel
App 52045 output: oader.rb:188:in `<module:App>'
App 52045 output:     /home/deployer/.rbenv/versions/3.2.2/lib/ruby/gems/3.2.0/gems/passenger-6.1.1/src/helper-scripts/rack-preloader.rb:30:in `<module:PhusionPassenger>'
App 52045 output:     /home/deployer/.rbenv/versions/3.2.2/lib/ruby/gems/3.2.0/gems/passenger-6.1.1/src/helper-scripts/rack-preloader.rb:29:in `<main>'
[ E 2026-01-30 09:42:02.9831 51173/T29 age/Cor/App/Implementation.cpp:218 ]: Could not spawn process for application /home/deployer/anamika1016: The application encountered the following error: The `cable` database is not configured for the `production` environment.

  Available database configurations are:

  default
development
test
production
 (ActiveRecord::AdapterNotSpecified)
  Error ID: d6834025
  Error details saved to: /tmp/passenger-error-R2AlOL.html

[ E 2026-01-30 09:42:02.9854 51173/Tb age/Cor/Con/CheckoutSession.cpp:368 ]: [Client 2-7] Cannot checkout session because a spawning error occurred. The identifier of the error is d6834025. Please see earlier logs for details about the error.
App 52384 output: Error: The application encountered the following error: The `cache` database is not configured for the `production` environment.
App 52384 output: 
App 52384 output:   Available database configurations are:
App 52384 output: 
App 52384 output:   default
App 52384 output: development
App 52384 output: test
App 52384 output: production: primary, cable, queue
App 52384 output:  (ActiveRecord::AdapterNotSpecified)
App 52384 output:     /home/deployer/.rbenv/versions/3.2.2/lib/ruby/gems/3.2.0/gems/activerecord-8.0.2/lib/active_record/database_configurations.rb:229:in `resolve_symbol_connection'
App 52384 output:     /home/deployer/.rbenv/versions/3.2.2/lib/ruby/gems/3.2.0/gems/activerecord-8.0.2/lib/active_record/database_configurations.rb:179:in `resolve'
App 52384 output:     /home/deployer/.rbenv/versions/3.2.2/lib/ruby/gems/3.2.0/gems/activerecord-8.0.2/lib/active_record/connection_handling.rb:391:in `resolve_config_for_connection'
App 52384 output:     /home/deployer/.rbenv/versions/3.2.2/lib/ruby/gems/3.2.0/gems/activerecord-8.0.2/lib/active_record/connection_handling.rb:100:in `block (2 levels) in connects_to'
App 52384 output:     /home/deployer/.rbenv/versions/3.2.2/lib/ruby/gems/3.2.0/gems/activerecord-8.0.2/lib/active_record/connection_handling.rb:99:in `each'
App 52384 output:     /home/deployer/.rbenv/versions/3.2.2/lib/ruby/gems/3.2.0/gems/activerecord-8.0.2/lib/active_record/connection_handling.rb:99:in `block in connects_to'
App 52384 output:     /home/deployer/.rbenv/versions/3.2.2/lib/ruby/gems/3.2.0/gems/activerecord-8.0.2/lib/active_record/connection_handling.rb:98:in `each'
App 52384 output:     /home/deployer/.rbenv/versions/3.2.2/lib/ruby/gems/3.2.0/gems/activerecord-8.0.2/lib/active_record/connection_handling.rb:98:in `connects_to'
App 52384 output:     /home/deployer/.rbenv/versions/3.2.2/lib/ruby/gems/3.2.0/gems/solid_cache-1.0.7/app/models/solid_cache/record.rb:9:in `<class:Record>'
App 52384 output:     /home/deployer/.rbenv/versions/3.2.2/lib/ruby/gems/3.2.0/gems/solid_cache-1.0.7/app/models/solid_cache/record.rb:4:in `<module:SolidCache>'
App 52384 output:     /home/deployer/.rbenv/versions/3.2.2/lib/ruby/gems/3.2.0/gems/solid_cache-1.0.7/app/models/solid_cache/record.rb:3:in `<main>'
App 52384 output:     <internal:/home/deployer/.rbenv/versions/3.2.2/lib/ruby/3.2.0/rubygems/core_ext/kernel_require.rb>:37:in `require'
App 52384 output:     <internal:/home/deployer/.rbenv/versions/3.2.2/lib/ruby/3.2.0/rubygems/core_ext/kernel_require.rb>:37:in `require'
App 52384 output:     /home/deployer/.rbenv/versions/3.2.2/lib/ruby/gems/3.2.0/gems/bootsnap-1.18.6/lib/bootsnap/load_path_cache/core_ext/kernel_require.rb:30:in `require'
App 52384 output:     /home/deployer/.rbenv/versions/3.2.2/lib/ruby/gems/3.2.0/gems/zeitwerk-2.7.3/lib/zeitwerk/core_ext/kernel.rb:26:in `require'
App 52384 output:     /home/deployer/.rbenv/versions/3.2.2/lib/ruby/gems/3.2.0/gems/solid_cache-1.0.7/app/models/solid_cache/entry.rb:4:in `<module:SolidCache>'
App 52384 output:     /home/deployer/.rbenv/versions/3.2.2/lib/ruby/gems/3.2.0/gems/solid_cache-1.0.7/app/models/solid_cache/entry.rb:3:in `<main>'
App 52384 output:     <internal:/home/deployer/.rbenv/versions/3.2.2/lib/ruby/3.2.0/rubygems/core_ext/kernel_require.rb>:37:in `require'
App 52384 output:     <internal:/home/deployer/.rbenv/versions/3.2.2/lib/ruby/3.2.0/rubygems/core_ext/kernel_require.rb>:37:in `require'
App 52384 output:     /home/deployer/.rbenv/versions/3.2.2/lib/ruby/gems/3.2.0/gems/bootsnap-1.18.6/lib/bootsnap/load_path_cache/core_ext/kernel_require.rb:30:in `require'
App 52384 output:     /home/deployer/.rbenv/versions/3.2.2/lib/ruby/gems/3.2.0/gems/zeitwerk-2.7.3/lib/zeitwerk/core_ext/kernel.rb:26:in `require'
App 52384 output:     /home/deployer/.rbenv/versions/3.2.2/lib/ruby/gems/3.2.0/gems/zeitwerk-2.7.3/lib/zeitwerk/loader/eager_load.rb:180:in `const_get'
App 52384 output:     /home/deployer/.rbenv/versions/3.2.2/lib/ruby/gems/3.2.0/gems/zeitwerk-2.7.3/lib/zeitwerk/loader/eager_load.rb:180:in `block in actual_eager_load_dir'
App 52384 output:     /home/deployer/.rbenv/versions/3.2.2/lib/ruby/gems/3.2.0/gems/zeitwerk-2.7.3/lib/zeitwerk/loader/helpers.rb:47:in `block in ls'
App 52384 output:     /home/deployer/.rbenv/versions/3.2.2/lib/ruby/gems/3.2.0/gems/zeitwerk-2.7.3/lib/zeitwerk/loader/helpers.rb:25:in `each'
App 52384 output:     /home/deployer/.rbenv/versions/3.2.2/lib/ruby/gems/3.2.0/gems/zeitwerk-2.7.3/lib/zeitwerk/loader/helpers.rb:25:in `ls'
App 52384 output:     /home/deployer/.rbenv/versions/3.2.2/lib/ruby/gems/3.2.0/gems/zeitwerk-2.7.3/lib/zeitwerk/loader/eager_load.rb:168:in `actual_eager_load_dir'
App 52384 output:     /home/deployer/.rbenv/versions/3.2.2/lib/ruby/gems/3.2.0/gems/zeitwerk-2.7.3/lib/zeitwerk/loader/eager_load.rb:17:in `block (2 levels) in eager_load'
App 52384 output:     /home/deployer/.rbenv/versions/3.2.2/lib/ruby/gems/3.2.0/gems/zeitwerk-2.7.3/lib/zeitwerk/loader/eager_load.rb:16:in `each'
App 52384 output:     /home/deployer/.rbenv/versions/3.2.2/lib/ruby/gems/3.2.0/gems/zeitwerk-2.7.3/lib/zeitwerk/loader/eager_load.rb:16:in `block in eager_load'
App 52384 output:     /home/deployer/.rbenv/versions/3.2.2/lib/ruby/gems/3.2.0/gems/zeitwerk-2.7.3/lib/zeitwerk/loader/eager_load.rb:10:in `synchronize'
App 52384 output:     /home/deployer/.rbenv/versions/3.2.2/lib/ruby/gems/3.2.0/gems/zeitwerk-2.7.3/lib/zeitwerk/loader/eager_load.rb:10:in `eager_load'
App 52384 output:     /home/deployer/.rbenv/versions/3.2.2/lib/ruby/gems/3.2.0/gems/zeitwerk-2.7.3/lib/zeitwerk/loader.rb:431:in `block in eager_load_all'
App 52384 output:     /home/deployer/.rbenv/versions/3.2.2/lib/ruby/gems/3.2.0/gems/zeitwerk-2.7.3/lib/zeitwerk/registry/loaders.rb:10:in `each'
App 52384 output:     /home/deployer/.rbenv/versions/3.2.2/lib/ruby/gems/3.2.0/gems/zeitwerk-2.7.3/lib/zeitwerk/registry/loaders.rb:10:in `each'
App 52384 output:     /home/deployer/.rbenv/versions/3.2.2/lib/ruby/gems/3.2.0/gems/zeitwerk-2.7.3/lib/zeitwerk/loader.rb:429:in `eager_load_all'
App 52384 output:     /home/deployer/.rbenv/versions/3.2.2/lib/ruby/gems/3.2.0/gems/railties-8.0.2/lib/rails/application/finisher.rb:79:in `block in <module:Finisher>'
App 52384 output:     /home/deployer/.rbenv/versions/3.2.2/lib/ruby/gems/3.2.0/gems/railties-8.0.2/lib/rails/initializable.rb:32:in `instance_exec'
App 52384 output:     /home/deployer/.rbenv/versions/3.2.2/lib/ruby/gems/3.2.0/gems/railties-8.0.2/lib/rails/initializable.rb:32:in `run'
App 52384 output:     /home/deployer/.rbenv/versions/3.2.2/lib/ruby/gems/3.2.0/gems/railties-8.0.2/lib/rails/initializable.rb:61:in `block in run_initializers'
App 52384 output:     /home/deployer/.rbenv/versions/3.2.2/lib/ruby/3.2.0/tsort.rb:228:in `block in tsort_each'
App 52384 output:     /home/deployer/.rbenv/versions/3.2.2/lib/ruby/3.2.0/tsort.rb:350:in `block (2 levels) in each_strongly_connected_component'
App 52384 output:     /home/deployer/.rbenv/versions/3.2.2/lib/ruby/3.2.0/tsort.rb:431:in `each_strongly_connected_component_from'
App 52384 output:     /home/deployer/.rbenv/versions/3.2.2/lib/ruby/3.2.0/tsort.rb:349:in `block in each_strongly_connected_component'
App 52384 output:     /home/deployer/.rbenv/versions/3.2.2/lib/ruby/3.2.0/tsort.rb:347:in `each'
App 52384 output:     /home/deployer/.rbenv/versions/3.2.2/lib/ruby/3.2.0/tsort.rb:347:in `call'
App 52384 output:     /home/deployer/.rbenv/versions/3.2.2/lib/ruby/3.2.0/tsort.rb:347:in `each_strongly_connected_component'
App 52384 output:     /home/deployer/.rbenv/versions/3.2.2/lib/ruby/3.2.0/tsort.rb:226:in `tsort_each'
App 52384 output:     /home/deployer/.rbenv/versions/3.2.2/lib/ruby/3.2.0/tsort.rb:205:in `tsort_each'
App 52384 output:     /home/deployer/.rbenv/versions/3.2.2/lib/ruby/gems/3.2.0/gems/railties-8.0.2/lib/rails/initializable.rb:60:in `run_initializers'
App 52384 output:     /home/deployer/.rbenv/versions/3.2.2/lib/ruby/gems/3.2.0/gems/railties-8.0.2/lib/rails/application.rb:440:in `initialize!'
App 52384 output:     /home/deployer/anamika1016/config/environment.rb:5:in `<top (required)>'
App 52384 output:     config.ru:3:in `require_relative'
App 52384 output:     config.ru:3:in `block in <main>'
App 52384 output:     /home/deployer/.rbenv/versions/3.2.2/lib/ruby/gems/3.2.0/gems/rack-3.1.16/lib/rack/builder.rb:124:in `instance_eval'
App 52384 output:     /home/deployer/.rbenv/versions/3.2.2/lib/ruby/gems/3.2.0/gems/rack-3.1.16/lib/rack/builder.rb:124:in `initialize'
App 52384 output:     config.ru:1:in `new'
App 52384 output:     config.ru:1:in `<main>'
App 52384 output:     /home/deployer/.rbenv/versions/3.2.2/lib/ruby/gems/3.2.0/gems/passenger-6.1.1/src/helper-scripts/rack-preloader.rb:101:in `eval'
App 52384 output:     /home/deployer/.rbenv/versions/3.2.2/lib/ruby/gems/3.2.0/gems/passenger-6.1.1/src/helper-scripts/rack-preloader.rb:101:in `preload_app'
App 52384 output:     /home/deployer/.rbenv/versions/3.2.2/lib/ruby/gems/3.2.0/gems/passenger-6.1.1/src/helper-scripts/rack-preloader.rb:189:in `block in <module:App>'
App 52384 output:     /home/deployer/.rbenv/versions/3.2.2/lib/ruby/gems/3.2.0/gems/passenger-6.1.1/src/ruby_supportlib/phusion_passenger/loader_shared_helpers.rb:399:in `run_block_and_record_step_progress'
App 52384 output:     /home/deployer/.rbenv/versions/3.2.2/lib/ruby/gems/3.2.0/gems/passenger-6.1.1/src/helper-scripts/rack-preloader.rb:188:in `<module:App>'
App 52384 output:     /home/deployer/.rbenv/versions/3.2.2/lib/ruby/gems/
App 52384 output: 3.2.0/gems/passenger-6.1.1/src/helper-scripts/rack-preloader.rb:30:in `<module:PhusionPassenger>'
App 52384 output:     /home/deployer/.rbenv/versions/3.2.2/lib/ruby/gems/3.2.0/gems/passenger-6.1.1/src/helper-scripts/rack-preloader.rb:29:in `<main>'
[ E 2026-01-30 09:48:50.7416 51173/T2e age/Cor/App/Implementation.cpp:218 ]: Could not spawn process for application /home/deployer/anamika1016: The application encountered the following error: The `cache` database is not configured for the `production` environment.

  Available database configurations are:

  default
development
test
production: primary, cable, queue
 (ActiveRecord::AdapterNotSpecified)
  Error ID: 9df8b0a4
  Error details saved to: /tmp/passenger-error-I6JHIa.html

[ E 2026-01-30 09:48:50.7449 51173/T9 age/Cor/Con/CheckoutSession.cpp:368 ]: [Client 1-8] Cannot checkout session because a spawning error occurred. The identifier of the error is 9df8b0a4. Please see earlier logs for details about the error.
App 52424 output: Error: The application encountered the following error: The `cache` database is not configured for the `production` environment.
App 52424 output: 
App 52424 output:   Available database configurations are:
App 52424 output: 
App 52424 output:   default
App 52424 output: development
App 52424 output: test
App 52424 output: production: primary, cable, queue
App 52424 output:  (ActiveRecord::AdapterNotSpecified)
App 52424 output:     /home/deployer/.rbenv/versions/3.2.2/lib/ruby/gems/3.2.0/gems/activerecord-8.0.2/lib/active_record/database_configurations.rb:229:in `resolve_symbol_connection'
App 52424 output:     /home/deployer/.rbenv/versions/3.2.2/lib/ruby/gems/3.2.0/gems/activerecord-8.0.2/lib/active_record/database_configurations.rb:179:in `resolve'
App 52424 output:     /home/deployer/.rbenv/versions/3.2.2/lib/ruby/gems/3.2.0/gems/activerecord-8.0.2/lib/active_record/connection_handling.rb:391:in `resolve_config_for_connection'
App 52424 output:     /home/deployer/.rbenv/versions/3.2.2/lib/ruby/gems/3.2.0/gems/activerecord-8.0.2/lib/active_record/connection_handling.rb:100:in `block (2 levels) in connects_to'
App 52424 output:     /home/deployer/.rbenv/versions/3.2.2/lib/ruby/gems/3.2.0/gems/activerecord-8.0.2/lib/active_record/connection_handling.rb:99:in `each'
App 52424 output:     /home/deployer/.rbenv/versions/3.2.2/lib/ruby/gems/3.2.0/gems/activerecord-8.0.2/lib/active_record/connection_handling.rb:99:in `block in connects_to'
App 52424 output:     /home/deployer/.rbenv/versions/3.2.2/lib/ruby/gems/3.2.0/gems/activerecord-8.0.2/lib/active_record/connection_handling.rb:98:in `each'
App 52424 output:     /home/deployer/.rbenv/versions/3.2.2/lib/ruby/gems/3.2.0/gems/activerecord-8.0.2/lib/active_record/connection_handling.rb:98:in `connects_to'
App 52424 output:     /home/deployer/.rbenv/versions/3.2.2/lib/ruby/gems/3.2.0/gems/solid_cache-1.0.7/app/models/solid_cache/record.rb:9:in `<class:Record>'
App 52424 output:     /home/deployer/.rbenv/versions/3.2.2/lib/ruby/gems/3.2.0/gems/solid_cache-1.0.7/app/models/solid_cache/record.rb:4:in `<module:SolidCache>'
App 52424 output:     /home/deployer/.rbenv/versions/3.2.2/lib/ruby/gems/3.2.0/gems/solid_cache-1.0.7/app/models/solid_cache/record.rb:3:in `<main>'
App 52424 output:     <internal:/home/deployer/.rbenv/versions/3.2.2/lib/ruby/3.2.0/rubygems/core_ext/kernel_require.rb>:37:in `require'
App 52424 output:     <internal:/home/deployer/.rbenv/versions/3.2.2/lib/ruby/3.2.0/rubygems/core_ext/kernel_require.rb>:37:in `require'
App 52424 output:     /home/deployer/.rbenv/versions/3.2.2/lib/ruby/gems/3.2.0/gems/bootsnap-1.18.6/lib/bootsnap/load_path_cache/core_ext/kernel_require.rb:30:in `require'
App 52424 output:     /home/deployer/.rbenv/versions/3.2.2/lib/ruby/gems/3.2.0/gems/zeitwerk-2.7.3/lib/zeitwerk/core_ext/kernel.rb:26:in `require'
App 52424 output:     /home/deployer/.rbenv/versions/3.2.2/lib/ruby/gems/3.2.0/gems/solid_cache-1.0.7/app/models/solid_cache/entry.rb:4:in `<module:SolidCache>'
App 52424 output:     /home/deployer/.rbenv/versions/3.2.2/lib/ruby/gems/3.2.0/gems/solid_cache-1.0.7/app/models/solid_cache/entry.rb:3:in `<main>'
App 52424 output:     <internal:/home/deployer/.rbenv/versions/3.2.2/lib/ruby/3.2.0/rubygems/core_ext/kernel_require.rb>:37:in `require'
App 52424 output:     <internal:/home/deployer/.rbenv/versions/3.2.2/lib/ruby/3.2.0/rubygems/core_ext/kernel_require.rb>:37:in `require'
App 52424 output:     /home/deployer/.rbenv/versions/3.2.2/lib/ruby/gems/3.2.0/gems/bootsnap-1.18.6/lib/bootsnap/load_path_cache/core_ext/kernel_require.rb:30:in `require'
App 52424 output:     /home/deployer/.rbenv/versions/3.2.2/lib/ruby/gems/3.2.0/gems/zeitwerk-2.7.3/lib/zeitwerk/core_ext/kernel.rb:26:in `require'
App 52424 output:     /home/deployer/.rbenv/versions/3.2.2/lib/ruby/gems/3.2.0/gems/zeitwerk-2.7.3/lib/zeitwerk/loader/eager_load.rb:180:in `const_get'
App 52424 output:     /home/deployer/.rbenv/versions/3.2.2/lib/ruby/gems/3.2.0/gems/zeitwerk-2.7.3/lib/zeitwerk/loader/eager_load.rb:180:in `block in actual_eager_load_dir'
App 52424 output:     /home/deployer/.rbenv/versions/3.2.2/lib/ruby/gems/3.2.0/gems/zeitwerk-2.7.3/lib/zeitwerk/loader/helpers.rb:47:in `block in ls'
App 52424 output:     /home/deployer/.rbenv/versions/3.2.2/lib/ruby/gems/3.2.0/gems/zeitwerk-2.7.3/lib/zeitwerk/loader/helpers.rb:25:in `each'
App 52424 output:     /home/deployer/.rbenv/versions/3.2.2/lib/ruby/gems/3.2.0/gems/zeitwerk-2.7.3/lib/zeitwerk/loader/helpers.rb:25:in `ls'
App 52424 output:     /home/deployer/.rbenv/versions/3.2.2/lib/ruby/gems/3.2.0/gems/zeitwerk-2.7.3/lib/zeitwerk/loader/eager_load.rb:168:in `actual_eager_load_dir'
App 52424 output:     /home/deployer/.rbenv/versions/3.2.2/lib/ruby/gems/3.2.0/gems/zeitwerk-2.7.3/lib/zeitwerk/loader/eager_load.rb:17:in `block (2 levels) in eager_load'
App 52424 output:     /home/deployer/.rbenv/versions/3.2.2/lib/ruby/gems/3.2.0/gems/zeitwerk-2.7.3/lib/zeitwerk/loader/eager_load.rb:16:in `each'
App 52424 output:     /home/deployer/.rbenv/versions/3.2.2/lib/ruby/gems/3.2.0/gems/zeitwerk-2.7.3/lib/zeitwerk/loader/eager_load.rb:16:in `block in eager_load'
App 52424 output:     /home/deployer/.rbenv/versions/3.2.2/lib/ruby/gems/3.2.0/gems/zeitwerk-2.7.3/lib/zeitwerk/loader/eager_load.rb:10:in `synchronize'
App 52424 output:     /home/deployer/.rbenv/versions/3.2.2/lib/ruby/gems/3.2.0/gems/zeitwerk-2.7.3/lib/zeitwerk/loader/eager_load.rb:10:in `eager_load'
App 52424 output:     /home/deployer/.rbenv/versions/3.2.2/lib/ruby/gems/3.2.0/gems/zeitwerk-2.7.3/lib/zeitwerk/loader.rb:431:in `block in eager_load_all'
App 52424 output:     /home/deployer/.rbenv/versions/3.2.2/lib/ruby/gems/3.2.0/gems/zeitwerk-2.7.3/lib/zeitwerk/registry/loaders.rb:10:in `each'
App 52424 output:     /home/deployer/.rbenv/versions/3.2.2/lib/ruby/gems/3.2.0/gems/zeitwerk-2.7.3/lib/zeitwerk/registry/loaders.rb:10:in `each'
App 52424 output:     /home/deployer/.rbenv/versions/3.2.2/lib/ruby/gems/3.2.0/gems/zeitwerk-2.7.3/lib/zeitwerk/loader.rb:429:in `eager_load_all'
App 52424 output:     /home/deployer/.rbenv/versions/3.2.2/lib/ruby/gems/3.2.0/gems/railties-8.0.2/lib/rails/application/finisher.rb:79:in `block in <module:Finisher>'
App 52424 output:     /home/deployer/.rbenv/versions/3.2.2/lib/ruby/gems/3.2.0/gems/railties-8.0.2/lib/rails/initializable.rb:32:in `instance_exec'
App 52424 output:     /home/deployer/.rbenv/versions/3.2.2/lib/ruby/gems/3.2.0/gems/railties-8.0.2/lib/rails/initializable.rb:32:in `run'
App 52424 output:     /home/deployer/.rbenv/versions/3.2.2/lib/ruby/gems/3.2.0/gems/railties-8.0.2/lib/rails/initializable.rb:61:in `block in run_initializers'
App 52424 output:     /home/deployer/.rbenv/versions/3.2.2/lib/ruby/3.2.0/tsort.rb:228:in `block in tsort_each'
App 52424 output:     /home/deployer/.rbenv/versions/3.2.2/lib/ruby/3.2.0/tsort.rb:350:in `block (2 levels) in each_strongly_connected_component'
App 52424 output:     /home/deployer/.rbenv/versions/3.2.2/lib/ruby/3.2.0/tsort.rb:431:in `each_strongly_connected_component_from'
App 52424 output:     /home/deployer/.rbenv/versions/3.2.2/lib/ruby/3.2.0/tsort.rb:349:in `block in each_strongly_connected_component'
App 52424 output:     /home/deployer/.rbenv/versions/3.2.2/lib/ruby/3.2.0/tsort.rb:347:in `each'
App 52424 output:     /home/deployer/.rbenv/versions/3.2.2/lib/ruby/3.2.0/tsort.rb:347:in `call'
App 52424 output:     /home/deployer/.rbenv/versions/3.2.2/lib/ruby/3.2.0/tsort.rb:347:in `each_strongly_connected_component'
App 52424 output:     /home/deployer/.rbenv/versions/3.2.2/lib/ruby/3.2.0/tsort.rb:226:in `tsort_each'
App 52424 output:     /home/deployer/.rbenv/versions/3.2.2/lib/ruby/3.2.0/tsort.rb:205:in `tsort_each'
App 52424 output:     /home/deployer/.rbenv/versions/3.2.2/lib/ruby/gems/3.2.0/gems/railties-8.0.2/lib/rails/initializable.rb:60:in `run_initializers'
App 52424 output:     /home/deployer/.rbenv/versions/3.2.2/lib/ruby/gems/3.2.0/gems/railties-8.0.2/lib/rails/application.rb:440:in `initialize!'
App 52424 output:     /home/deployer/anamika1016/config/environment.rb:5:in `<top (required)>'
App 52424 output:     config.ru:3:in `require_relative'
App 52424 output:     config.ru:3:in `block in <main>'
App 52424 output:     /home/deployer/.rbenv/versions/3.2.2/lib/ruby/gems/3.2.0/gems/rack-3.1.16/lib/rack/builder.rb:124:in `instance_eval'
App 52424 output:     /home/deployer/.rbenv/versions/3.2.2/lib/ruby/gems/3.2.0/gems/rack-3.1.16/lib/rack/builder.rb:124:in `initialize'
App 52424 output:     config.ru:1:in `new'
App 52424 output:     config.ru:1:in `<main>'
App 52424 output:     /home/deployer/.rbenv/versions/3.2.2/lib/ruby/gems/3.2.0/gems/passenger-6.1.1/src/helper-scripts/rack-preloader.rb:101:in `eval'
App 52424 output:     /home/deployer/.rbenv/versions/3.2.2/lib/ruby/gems/3.2.0/gems/passenger-6.1.1/src/helper-scripts/rack-preloader.rb:101:in `preload_app'
App 52424 output:     /home/deployer/.rbenv/versions/3.2.2/lib/ruby/gems/3.2.0/gems/passenger-6.1.1/src/helper-scripts/rack-preloader.rb:189:in `block in <module:App>'
App 52424 output:     /home/deployer/.rbenv/versions/3.2.2/lib/ruby/gems/3.2.0/gems/passenger-6.1.1/src/ruby_supportlib/phusion_passenger/loader_shared_helpers.rb:399:in `run_block_and_record_step_progress'
App 52424 output:     /home/deployer/.rbenv/versions/3.2.2/lib/ruby/gems/3.2.0/gems/passenger-6.1.1/src/helper-scripts/rack-preloader.rb:188:in `<module:App>'
App 52424 output:     /home/deployer/.rbenv/versions/3.2.2/lib/ruby/gems/
App 52424 output: 3.2.0/gems/passenger-6.1.1/src/helper-scripts/rack-preloader.rb:30:in `<module:PhusionPassenger>'
App 52424 output:     /home/deployer/.rbenv/versions/3.2.2/lib/ruby/gems/3.2.0/gems/passenger-6.1.1/src/helper-scripts/rack-preloader.rb:29:in `<main>'
[ E 2026-01-30 09:48:52.3839 51173/T2j age/Cor/App/Implementation.cpp:218 ]: Could not spawn process for application /home/deployer/anamika1016: The application encountered the following error: The `cache` database is not configured for the `production` environment.

  Available database configurations are:

  default
development
test
production: primary, cable, queue
 (ActiveRecord::AdapterNotSpecified)
  Error ID: b1fcd749
  Error details saved to: /tmp/passenger-error-8ufTkE.html

[ E 2026-01-30 09:48:52.3861 51173/Tb age/Cor/Con/CheckoutSession.cpp:368 ]: [Client 2-8] Cannot checkout session because a spawning error occurred. The identifier of the error is b1fcd749. Please see earlier logs for details about the error.
App 52541 output: [ActionDispatch::HostAuthorization::DefaultResponseApp] Blocked hosts: 139.59.45.69:3000
App 52541 output: [ActionDispatch::HostAuthorization::DefaultResponseApp] Blocked hosts: 139.59.45.69:3000
2026/01/30 09:51:19 [emerg] 52658#0: bind() to 0.0.0.0:3000 failed (98: Address already in use)
2026/01/30 09:51:19 [emerg] 52658#0: bind() to 0.0.0.0:3000 failed (98: Address already in use)
2026/01/30 09:51:19 [emerg] 52658#0: bind() to 0.0.0.0:3000 failed (98: Address already in use)
2026/01/30 09:51:19 [emerg] 52658#0: bind() to 0.0.0.0:3000 failed (98: Address already in use)
2026/01/30 09:51:19 [emerg] 52658#0: bind() to 0.0.0.0:3000 failed (98: Address already in use)
2026/01/30 09:51:19 [emerg] 52658#0: still could not bind()
App 52541 output: [ActionDispatch::HostAuthorization::DefaultResponseApp] Blocked hosts: 127.0.0.1:3000

[ N 2026-01-30 09:53:21.6358 51173/T9 age/Cor/CoreMain.cpp:659 ]: Signal received. Gracefully shutting down... (send signal 2 more time(s) to force shutdown)
[ N 2026-01-30 09:53:21.6358 51173/T1 age/Cor/CoreMain.cpp:1192 ]: Received command to shutdown gracefully. Waiting until all clients have disconnected...
[ N 2026-01-30 09:53:21.6358 51173/T1 age/Cor/CoreMain.cpp:1093 ]: Checking whether to disconnect long-running connections for process 52541, application /home/deployer/anamika1016 (production)
[ N 2026-01-30 09:53:21.6359 51173/T9 Ser/Server.h:895 ]: [ServerThr.1] Freed 0 spare client objects
[ N 2026-01-30 09:53:21.6359 51173/T9 Ser/Server.h:552 ]: [ServerThr.1] Shutdown finished
[ N 2026-01-30 09:53:21.6359 51173/Tb Ser/Server.h:895 ]: [ServerThr.2] Freed 0 spare client objects
[ N 2026-01-30 09:53:21.6360 51173/Tb Ser/Server.h:552 ]: [ServerThr.2] Shutdown finished
[ N 2026-01-30 09:53:21.6360 51173/Td Ser/Server.h:895 ]: [ApiServer] Freed 0 spare client objects
[ N 2026-01-30 09:53:21.6361 51173/Td Ser/Server.h:552 ]: [ApiServer] Shutdown finished
[ N 2026-01-30 09:53:21.6362 51173/T1 age/Cor/CoreMain.cpp:1093 ]: Checking whether to disconnect long-running connections for process 52541, application /home/deployer/anamika1016 (production)
2026/01/30 09:53:30 [emerg] 52786#0: bind() to 0.0.0.0:3000 failed (98: Address already in use)
2026/01/30 09:53:30 [emerg] 52786#0: bind() to 0.0.0.0:3000 failed (98: Address already in use)
2026/01/30 09:53:30 [emerg] 52786#0: bind() to 0.0.0.0:3000 failed (98: Address already in use)
2026/01/30 09:53:30 [emerg] 52786#0: bind() to 0.0.0.0:3000 failed (98: Address already in use)
2026/01/30 09:53:30 [emerg] 52786#0: bind() to 0.0.0.0:3000 failed (98: Address already in use)
2026/01/30 09:53:30 [emerg] 52786#0: still could not bind()
2026/01/30 09:53:47 [crit] 51192#0: *37 connect() to unix:/tmp/passenger.C5SI6HE/agents.s/core failed (2: No such file or directory) while connecting to upstream, client: 127.0.0.1, server: _, request: "GET / HTTP/1.1", upstream: "passenger:unix:/tmp/passenger.C5SI6HE/agents.s/core:", host: "127.0.0.1:3000"
2026/01/30 09:54:03 [crit] 51192#0: *39 connect() to unix:/tmp/passenger.C5SI6HE/agents.s/core failed (2: No such file or directory) while connecting to upstream, client: 103.113.229.251, server: _, request: "GET / HTTP/1.1", upstream: "passenger:unix:/tmp/passenger.C5SI6HE/agents.s/core:", host: "139.59.45.69:3000"
2026/01/30 09:54:03 [crit] 51192#0: *39 connect() to unix:/tmp/passenger.C5SI6HE/agents.s/core failed (2: No such file or directory) while connecting to upstream, client: 103.113.229.251, server: _, request: "GET /favicon.ico HTTP/1.1", upstream: "passenger:unix:/tmp/passenger.C5SI6HE/agents.s/core:", host: "139.59.45.69:3000", referrer: "http://139.59.45.69:3000/"
[ N 2026-01-30 09:56:22.3037 52901/T1 age/Wat/WatchdogMain.cpp:1365 ]: Starting Passenger watchdog...
[ N 2026-01-30 09:56:22.3194 52905/T1 age/Cor/CoreMain.cpp:1284 ]: Starting Passenger core...
[ N 2026-01-30 09:56:22.3196 52905/T1 age/Cor/CoreMain.cpp:245 ]: Passenger core running in multi-application mode.
[ N 2026-01-30 09:56:22.3257 52905/T1 age/Cor/CoreMain.cpp:962 ]: Passenger core online, PID 52905
[ N 2026-01-30 09:56:25.1744 52905/T6 age/Cor/SecurityUpdateChecker.h:519 ]: Security update check: no update found (next check in 24 hours)
App 52973 output: [ActionDispatch::HostAuthorization::DefaultResponseApp] Blocked hosts: 0.0.0.0
App 52973 output: [ActionDispatch::HostAuthorization::DefaultResponseApp] Blocked hosts: 127.0.0.1:3000
App 52973 output: [ActionDispatch::HostAuthorization::DefaultResponseApp] Blocked hosts: 139.59.45.69
App 52973 output: [ActionDispatch::HostAuthorization::DefaultResponseApp] Blocked hosts: 139.59.45.69:3000
App 52973 output: [ActionDispatch::HostAuthorization::DefaultResponseApp] Blocked hosts: 139.59.45.69:3000
App 52973 output: [ActionDispatch::HostAuthorization::DefaultResponseApp] Blocked hosts: 139.59.45.69
App 52973 output: [ActionDispatch::HostAuthorization::DefaultResponseApp] Blocked hosts: 139.59.45.69:3000
App 52973 output: [ActionDispatch::HostAuthorization::DefaultResponseApp] Blocked hosts: 139.59.45.69:3000
2026/01/30 10:00:08 [emerg] 53302#0: bind() to 0.0.0.0:3000 failed (98: Address already in use)
2026/01/30 10:00:08 [emerg] 53302#0: bind() to 0.0.0.0:3000 failed (98: Address already in use)
2026/01/30 10:00:08 [emerg] 53302#0: bind() to 0.0.0.0:3000 failed (98: Address already in use)
2026/01/30 10:00:08 [emerg] 53302#0: bind() to 0.0.0.0:3000 failed (98: Address already in use)
2026/01/30 10:00:08 [emerg] 53302#0: bind() to 0.0.0.0:3000 failed (98: Address already in use)
2026/01/30 10:00:08 [emerg] 53302#0: still could not bind()
App 52973 output: [ActionDispatch::HostAuthorization::DefaultResponseApp] Blocked hosts: 127.0.0.1:3000
App 52973 output: [ActionDispatch::HostAuthorization::DefaultResponseApp] Blocked hosts: 127.0.0.1:3000
App 52973 output: [ActionDispatch::HostAuthorization::DefaultResponseApp] Blocked hosts: 139.59.45.69
App 52973 output: [ActionDispatch::HostAuthorization::DefaultResponseApp] Blocked hosts: 139.59.45.69
2026/01/30 10:02:25 [emerg] 53473#0: bind() to 0.0.0.0:3000 failed (98: Address already in use)
2026/01/30 10:02:25 [emerg] 53473#0: bind() to 0.0.0.0:3000 failed (98: Address already in use)
2026/01/30 10:02:25 [emerg] 53473#0: bind() to 0.0.0.0:3000 failed (98: Address already in use)
2026/01/30 10:02:25 [emerg] 53473#0: bind() to 0.0.0.0:3000 failed (98: Address already in use)
2026/01/30 10:02:25 [emerg] 53473#0: bind() to 0.0.0.0:3000 failed (98: Address already in use)
2026/01/30 10:02:25 [emerg] 53473#0: still could not bind()
2026/01/30 10:02:47 [emerg] 53607#0: bind() to 0.0.0.0:3000 failed (98: Address already in use)
2026/01/30 10:02:47 [emerg] 53607#0: bind() to 0.0.0.0:3000 failed (98: Address already in use)
2026/01/30 10:02:47 [emerg] 53607#0: bind() to 0.0.0.0:3000 failed (98: Address already in use)
2026/01/30 10:02:47 [emerg] 53607#0: bind() to 0.0.0.0:3000 failed (98: Address already in use)
2026/01/30 10:02:47 [emerg] 53607#0: bind() to 0.0.0.0:3000 failed (98: Address already in use)
2026/01/30 10:02:47 [emerg] 53607#0: still could not bind()

[ N 2026-01-30 10:03:55.6149 52905/T9 age/Cor/CoreMain.cpp:659 ]: Signal received. Gracefully shutting down... (send signal 2 more time(s) to force shutdown)
[ N 2026-01-30 10:03:55.6150 52905/T1 age/Cor/CoreMain.cpp:1192 ]: Received command to shutdown gracefully. Waiting until all clients have disconnected...
[ N 2026-01-30 10:03:55.6150 52905/T1 age/Cor/CoreMain.cpp:1093 ]: Checking whether to disconnect long-running connections for process 52973, application /home/deployer/anamika1016 (production)
[ N 2026-01-30 10:03:55.6150 52905/T9 Ser/Server.h:895 ]: [ServerThr.1] Freed 0 spare client objects
[ N 2026-01-30 10:03:55.6151 52905/T9 Ser/Server.h:552 ]: [ServerThr.1] Shutdown finished
[ N 2026-01-30 10:03:55.6151 52905/Tb Ser/Server.h:895 ]: [ServerThr.2] Freed 0 spare client objects
[ N 2026-01-30 10:03:55.6151 52905/Tb Ser/Server.h:552 ]: [ServerThr.2] Shutdown finished
[ N 2026-01-30 10:03:55.6152 52905/Td Ser/Server.h:895 ]: [ApiServer] Freed 0 spare client objects
[ N 2026-01-30 10:03:55.6152 52905/Td Ser/Server.h:552 ]: [ApiServer] Shutdown finished
[ N 2026-01-30 10:03:55.6154 52905/T1 age/Cor/CoreMain.cpp:1093 ]: Checking whether to disconnect long-running connections for process 52973, application /home/deployer/anamika1016 (production)
[ N 2026-01-30 10:06:44.7730 53774/T1 age/Wat/WatchdogMain.cpp:1365 ]: Starting Passenger watchdog...
[ N 2026-01-30 10:06:44.7888 53778/T1 age/Cor/CoreMain.cpp:1284 ]: Starting Passenger core...
[ N 2026-01-30 10:06:44.7889 53778/T1 age/Cor/CoreMain.cpp:245 ]: Passenger core running in multi-application mode.
[ N 2026-01-30 10:06:44.7954 53778/T1 age/Cor/CoreMain.cpp:962 ]: Passenger core online, PID 53778
[ N 2026-01-30 10:06:47.6435 53778/T6 age/Cor/SecurityUpdateChecker.h:519 ]: Security update check: no update found (next check in 24 hours)
App 53848 output: [ActionDispatch::HostAuthorization::DefaultResponseApp] Blocked hosts: 0.0.0.0

[ N 2026-01-30 10:08:28.7627 53778/T9 age/Cor/CoreMain.cpp:659 ]: Signal received. Gracefully shutting down... (send signal 2 more time(s) to force shutdown)
[ N 2026-01-30 10:08:28.7628 53778/T1 age/Cor/CoreMain.cpp:1192 ]: Received command to shutdown gracefully. Waiting until all clients have disconnected...
[ N 2026-01-30 10:08:28.7628 53778/T1 age/Cor/CoreMain.cpp:1093 ]: Checking whether to disconnect long-running connections for process 53848, application /home/deployer/anamika1016 (production)
[ N 2026-01-30 10:08:28.7629 53778/T9 Ser/Server.h:895 ]: [ServerThr.1] Freed 0 spare client objects
[ N 2026-01-30 10:08:28.7629 53778/T9 Ser/Server.h:552 ]: [ServerThr.1] Shutdown finished
[ N 2026-01-30 10:08:28.7630 53778/Td Ser/Server.h:895 ]: [ApiServer] Freed 0 spare client objects
[ N 2026-01-30 10:08:28.7630 53778/Td Ser/Server.h:552 ]: [ApiServer] Shutdown finished
[ N 2026-01-30 10:08:28.7630 53778/Tc Ser/Server.h:895 ]: [ServerThr.2] Freed 0 spare client objects
[ N 2026-01-30 10:08:28.7630 53778/Tc Ser/Server.h:552 ]: [ServerThr.2] Shutdown finished
[ N 2026-01-30 10:08:28.7631 53778/T1 age/Cor/CoreMain.cpp:1093 ]: Checking whether to disconnect long-running connections for process 53848, application /home/deployer/anamika1016 (production)
[ N 2026-01-30 10:08:29.7970 53778/T1 age/Cor/CoreMain.cpp:1269 ]: Passenger core shutdown finished
[ N 2026-01-30 10:09:59.5651 54008/T1 age/Wat/WatchdogMain.cpp:1365 ]: Starting Passenger watchdog...
[ N 2026-01-30 10:09:59.5797 54012/T1 age/Cor/CoreMain.cpp:1284 ]: Starting Passenger core...
[ N 2026-01-30 10:09:59.5798 54012/T1 age/Cor/CoreMain.cpp:245 ]: Passenger core running in multi-application mode.
[ N 2026-01-30 10:09:59.5858 54012/T1 age/Cor/CoreMain.cpp:962 ]: Passenger core online, PID 54012
[ N 2026-01-30 10:10:02.4910 54012/T6 age/Cor/SecurityUpdateChecker.h:519 ]: Security update check: no update found (next check in 24 hours)
App 54084 output: [fcfa7595-1f8d-4761-b32b-e11212796702] Started HEAD "/" for 127.0.0.1 at 2026-01-30 10:10:05 +0000
App 54084 output: [fcfa7595-1f8d-4761-b32b-e11212796702] Processing by HomeController#dashboard as HTML
App 54084 output: [fcfa7595-1f8d-4761-b32b-e11212796702] Completed 401 Unauthorized in 14ms (ActiveRecord: 0.0ms (0 queries, 0 cached) | GC: 0.0ms)

[ N 2026-01-30 10:11:12.9463 54012/T9 age/Cor/CoreMain.cpp:659 ]: Signal received. Gracefully shutting down... (send signal 2 more time(s) to force shutdown)
[ N 2026-01-30 10:11:12.9463 54012/T1 age/Cor/CoreMain.cpp:1192 ]: Received command to shutdown gracefully. Waiting until all clients have disconnected...
[ N 2026-01-30 10:11:12.9463 54012/T1 age/Cor/CoreMain.cpp:1093 ]: Checking whether to disconnect long-running connections for process 54084, application /home/deployer/anamika1016 (production)
[ N 2026-01-30 10:11:12.9477 54012/T9 Ser/Server.h:895 ]: [ServerThr.1] Freed 0 spare client objects
[ N 2026-01-30 10:11:12.9478 54012/T9 Ser/Server.h:552 ]: [ServerThr.1] Shutdown finished
[ N 2026-01-30 10:11:12.9478 54012/Tb Ser/Server.h:895 ]: [ServerThr.2] Freed 0 spare client objects
[ N 2026-01-30 10:11:12.9478 54012/Tb Ser/Server.h:552 ]: [ServerThr.2] Shutdown finished
[ N 2026-01-30 10:11:12.9478 54012/Td Ser/Server.h:895 ]: [ApiServer] Freed 0 spare client objects
[ N 2026-01-30 10:11:12.9478 54012/Td Ser/Server.h:552 ]: [ApiServer] Shutdown finished
[ N 2026-01-30 10:11:12.9480 54012/T1 age/Cor/CoreMain.cpp:1093 ]: Checking whether to disconnect long-running connections for process 54084, application /home/deployer/anamika1016 (production)
[ N 2026-01-30 10:11:13.3086 54190/T1 age/Wat/WatchdogMain.cpp:1365 ]: Starting Passenger watchdog...
[ N 2026-01-30 10:11:13.3246 54194/T1 age/Cor/CoreMain.cpp:1284 ]: Starting Passenger core...
[ N 2026-01-30 10:11:13.3248 54194/T1 age/Cor/CoreMain.cpp:245 ]: Passenger core running in multi-application mode.
[ N 2026-01-30 10:11:13.3306 54194/T1 age/Cor/CoreMain.cpp:962 ]: Passenger core online, PID 54194
[ N 2026-01-30 10:11:14.0117 54012/T1 age/Cor/CoreMain.cpp:1269 ]: Passenger core shutdown finished
[ N 2026-01-30 10:11:16.2485 54194/T6 age/Cor/SecurityUpdateChecker.h:519 ]: Security update check: no update found (next check in 24 hours)
App 54270 output: [42c54c9c-6d1f-4a39-b893-2d94b599dfec] Started HEAD "/" for 127.0.0.1 at 2026-01-30 10:11:17 +0000
App 54270 output: [42c54c9c-6d1f-4a39-b893-2d94b599dfec] Processing by HomeController#dashboard as HTML
App 54270 output: [42c54c9c-6d1f-4a39-b893-2d94b599dfec] Completed 401 Unauthorized in 10ms (ActiveRecord: 0.0ms (0 queries, 0 cached) | GC: 0.0ms)

[ N 2026-01-30 10:13:08.8860 54194/T9 age/Cor/CoreMain.cpp:659 ]: Signal received. Gracefully shutting down... (send signal 2 more time(s) to force shutdown)
[ N 2026-01-30 10:13:08.8861 54194/T1 age/Cor/CoreMain.cpp:1192 ]: Received command to shutdown gracefully. Waiting until all clients have disconnected...
[ N 2026-01-30 10:13:08.8861 54194/T1 age/Cor/CoreMain.cpp:1093 ]: Checking whether to disconnect long-running connections for process 54270, application /home/deployer/anamika1016 (production)
[ N 2026-01-30 10:13:08.8861 54194/T9 Ser/Server.h:895 ]: [ServerThr.1] Freed 0 spare client objects
[ N 2026-01-30 10:13:08.8861 54194/T9 Ser/Server.h:552 ]: [ServerThr.1] Shutdown finished
[ N 2026-01-30 10:13:08.8862 54194/Tb Ser/Server.h:895 ]: [ServerThr.2] Freed 0 spare client objects
[ N 2026-01-30 10:13:08.8862 54194/Tb Ser/Server.h:552 ]: [ServerThr.2] Shutdown finished
[ N 2026-01-30 10:13:08.8863 54194/Td Ser/Server.h:895 ]: [ApiServer] Freed 0 spare client objects
[ N 2026-01-30 10:13:08.8864 54194/Td Ser/Server.h:552 ]: [ApiServer] Shutdown finished
[ N 2026-01-30 10:13:08.8865 54194/T1 age/Cor/CoreMain.cpp:1093 ]: Checking whether to disconnect long-running connections for process 54270, application /home/deployer/anamika1016 (production)
[ N 2026-01-30 10:13:09.2876 54407/T1 age/Wat/WatchdogMain.cpp:1365 ]: Starting Passenger watchdog...
[ N 2026-01-30 10:13:09.3077 54411/T1 age/Cor/CoreMain.cpp:1284 ]: Starting Passenger core...
[ N 2026-01-30 10:13:09.3079 54411/T1 age/Cor/CoreMain.cpp:245 ]: Passenger core running in multi-application mode.
[ N 2026-01-30 10:13:09.3145 54411/T1 age/Cor/CoreMain.cpp:962 ]: Passenger core online, PID 54411
[ N 2026-01-30 10:13:10.0507 54194/T1 age/Cor/CoreMain.cpp:1269 ]: Passenger core shutdown finished
[ N 2026-01-30 10:13:12.1380 54411/T6 age/Cor/SecurityUpdateChecker.h:519 ]: Security update check: no update found (next check in 24 hours)
App 54486 output: [9fc1807d-ca20-44b5-961d-c5d97ef282a1] Started HEAD "/" for 127.0.0.1 at 2026-01-30 10:13:13 +0000
App 54486 output: [9fc1807d-ca20-44b5-961d-c5d97ef282a1] Processing by HomeController#dashboard as HTML
App 54486 output: [9fc1807d-ca20-44b5-961d-c5d97ef282a1] Completed 401 Unauthorized in 8ms (ActiveRecord: 0.0ms (0 queries, 0 cached) | GC: 0.0ms)

[ N 2026-01-30 10:14:59.6152 54411/T9 age/Cor/CoreMain.cpp:659 ]: Signal received. Gracefully shutting down... (send signal 2 more time(s) to force shutdown)
[ N 2026-01-30 10:14:59.6153 54411/T1 age/Cor/CoreMain.cpp:1192 ]: Received command to shutdown gracefully. Waiting until all clients have disconnected...
[ N 2026-01-30 10:14:59.6153 54411/T1 age/Cor/CoreMain.cpp:1093 ]: Checking whether to disconnect long-running connections for process 54486, application /home/deployer/anamika1016 (production)
[ N 2026-01-30 10:14:59.6154 54411/T9 Ser/Server.h:895 ]: [ServerThr.1] Freed 0 spare client objects
[ N 2026-01-30 10:14:59.6154 54411/T9 Ser/Server.h:552 ]: [ServerThr.1] Shutdown finished
[ N 2026-01-30 10:14:59.6155 54411/Tb Ser/Server.h:895 ]: [ServerThr.2] Freed 0 spare client objects
[ N 2026-01-30 10:14:59.6155 54411/Tb Ser/Server.h:552 ]: [ServerThr.2] Shutdown finished
[ N 2026-01-30 10:14:59.6155 54411/Td Ser/Server.h:895 ]: [ApiServer] Freed 0 spare client objects
[ N 2026-01-30 10:14:59.6155 54411/Td Ser/Server.h:552 ]: [ApiServer] Shutdown finished
[ N 2026-01-30 10:14:59.6158 54411/T1 age/Cor/CoreMain.cpp:1093 ]: Checking whether to disconnect long-running connections for process 54486, application /home/deployer/anamika1016 (production)
[ N 2026-01-30 10:15:00.0145 54655/T1 age/Wat/WatchdogMain.cpp:1365 ]: Starting Passenger watchdog...
[ N 2026-01-30 10:15:00.0428 54659/T1 age/Cor/CoreMain.cpp:1284 ]: Starting Passenger core...
[ N 2026-01-30 10:15:00.0430 54659/T1 age/Cor/CoreMain.cpp:245 ]: Passenger core running in multi-application mode.
[ N 2026-01-30 10:15:00.0522 54659/T1 age/Cor/CoreMain.cpp:962 ]: Passenger core online, PID 54659
[ N 2026-01-30 10:15:00.6824 54411/T1 age/Cor/CoreMain.cpp:1269 ]: Passenger core shutdown finished
[ N 2026-01-30 10:15:02.9269 54659/T6 age/Cor/SecurityUpdateChecker.h:519 ]: Security update check: no update found (next check in 24 hours)
App 54738 output: [27568c4f-d9ff-4bb9-96cd-b3630a1dbb60] Started HEAD "/" for 127.0.0.1 at 2026-01-30 10:15:06 +0000
App 54738 output: [27568c4f-d9ff-4bb9-96cd-b3630a1dbb60] Processing by HomeController#dashboard as HTML
App 54738 output: [27568c4f-d9ff-4bb9-96cd-b3630a1dbb60] Completed 401 Unauthorized in 11ms (ActiveRecord: 0.0ms (0 queries, 0 cached) | GC: 0.0ms)
2026/01/30 10:15:57 [emerg] 54819#0: bind() to 0.0.0.0:3000 failed (98: Address already in use)
2026/01/30 10:15:57 [emerg] 54819#0: bind() to 0.0.0.0:3000 failed (98: Address already in use)
App 54738 output: [ActionDispatch::HostAuthorization::DefaultResponseApp] Blocked hosts: 127.0.0.1:3000
App 54738 output: [ActionDispatch::HostAuthorization::DefaultResponseApp] Blocked hosts: 127.0.0.1
App 54738 output: [9a6723b7-698b-4696-84ef-696c9086ec64] Started GET "/" for 139.59.45.69 at 2026-01-30 10:20:18 +0000
App 54738 output: [9a6723b7-698b-4696-84ef-696c9086ec64] Processing by HomeController#dashboard as */*
App 54738 output: [9a6723b7-698b-4696-84ef-696c9086ec64] Completed 401 Unauthorized in 1ms (ActiveRecord: 0.0ms (0 queries, 0 cached) | GC: 0.0ms)
App 54738 output: [b6e054f7-f1e1-4bf7-9894-60346c9a82e7] Started GET "/" for 103.113.229.251 at 2026-01-30 10:20:35 +0000
App 54738 output: [b6e054f7-f1e1-4bf7-9894-60346c9a82e7] Processing by HomeController#dashboard as HTML
App 54738 output: [b6e054f7-f1e1-4bf7-9894-60346c9a82e7] Completed 401 Unauthorized in 0ms (ActiveRecord: 0.0ms (0 queries, 0 cached) | GC: 0.0ms)
App 54738 output: [ActionDispatch::HostAuthorization::DefaultResponseApp] Blocked hosts: 127.0.0.1
App 54738 output: [251488e4-c801-4588-8218-705016853c49] Started GET "/" for 139.59.45.69 at 2026-01-30 10:24:32 +0000
App 54738 output: [251488e4-c801-4588-8218-705016853c49] Processing by HomeController#dashboard as */*
App 54738 output: [251488e4-c801-4588-8218-705016853c49] Completed 401 Unauthorized in 0ms (ActiveRecord: 0.0ms (0 queries, 0 cached) | GC: 0.0ms)
App 54738 output: [ActionDispatch::HostAuthorization::DefaultResponseApp] Blocked hosts: kra.asaindia.org
App 54738 output: [ActionDispatch::HostAuthorization::DefaultResponseApp] Blocked hosts: 127.0.0.1:3000
App 54738 output: [c37d2cae-a0de-45af-8eed-199164544b10] Started GET "/" for 204.76.203.219 at 2026-01-30 10:29:36 +0000
App 54738 output: [c37d2cae-a0de-45af-8eed-199164544b10] Processing by HomeController#dashboard as */*
App 54738 output: [c37d2cae-a0de-45af-8eed-199164544b10] Completed 401 Unauthorized in 1ms (ActiveRecord: 0.0ms (0 queries, 0 cached) | GC: 0.0ms)
2026/01/30 10:31:44 [emerg] 56433#0: bind() to 0.0.0.0:3000 failed (98: Address already in use)
2026/01/30 10:31:44 [emerg] 56433#0: bind() to 0.0.0.0:3000 failed (98: Address already in use)
2026/01/30 10:31:44 [emerg] 56433#0: bind() to 0.0.0.0:3000 failed (98: Address already in use)
2026/01/30 10:31:44 [emerg] 56433#0: bind() to 0.0.0.0:3000 failed (98: Address already in use)
2026/01/30 10:31:44 [emerg] 56433#0: bind() to 0.0.0.0:3000 failed (98: Address already in use)
2026/01/30 10:31:44 [emerg] 56433#0: still could not bind()
2026/01/30 10:34:23 [emerg] 56569#0: bind() to 0.0.0.0:3000 failed (98: Address already in use)
2026/01/30 10:34:23 [emerg] 56569#0: bind() to 0.0.0.0:3000 failed (98: Address already in use)
2026/01/30 10:34:23 [emerg] 56569#0: bind() to 0.0.0.0:3000 failed (98: Address already in use)
2026/01/30 10:34:23 [emerg] 56569#0: bind() to 0.0.0.0:3000 failed (98: Address already in use)
2026/01/30 10:34:23 [emerg] 56569#0: bind() to 0.0.0.0:3000 failed (98: Address already in use)
2026/01/30 10:34:23 [emerg] 56569#0: still could not bind()
App 54738 output: [a758d3da-8966-4f76-8ca2-65fdb754956c] Started GET "/" for 139.59.45.69 at 2026-01-30 10:34:30 +0000
App 54738 output: [a758d3da-8966-4f76-8ca2-65fdb754956c] Processing by HomeController#dashboard as */*
App 54738 output: [a758d3da-8966-4f76-8ca2-65fdb754956c] Completed 401 Unauthorized in 0ms (ActiveRecord: 0.0ms (0 queries, 0 cached) | GC: 0.0ms)
App 54738 output: [ae731f09-ce6c-4f1a-b288-d00bc8c11570] Started GET "/" for 139.59.45.69 at 2026-01-30 10:35:19 +0000
App 54738 output: [ae731f09-ce6c-4f1a-b288-d00bc8c11570] Processing by HomeController#dashboard as */*
App 54738 output: [ae731f09-ce6c-4f1a-b288-d00bc8c11570] Completed 401 Unauthorized in 0ms (ActiveRecord: 0.0ms (0 queries, 0 cached) | GC: 0.0ms)
App 54738 output: [ActionDispatch::HostAuthorization::DefaultResponseApp] Blocked hosts: 127.0.0.1:3000
App 54738 output: [ActionDispatch::HostAuthorization::DefaultResponseApp] Blocked hosts: kra.asaindia.org
App 54738 output: [ActionDispatch::HostAuthorization::DefaultResponseApp] Blocked hosts: kra.asaindia.org
App 54738 output: [ActionDispatch::HostAuthorization::DefaultResponseApp] Blocked hosts: kra.asaindia.org
App 54738 output: [ActionDispatch::HostAuthorization::DefaultResponseApp] Blocked hosts: kra.asaindia.org
App 54738 output: [ActionDispatch::HostAuthorization::DefaultResponseApp] Blocked hosts: kra.asaindia.org
App 54738 output: [ActionDispatch::HostAuthorization::DefaultResponseApp] Blocked hosts: kra.asaindia.org
App 54738 output: [ActionDispatch::HostAuthorization::DefaultResponseApp] Blocked hosts: kra.asaindia.org
App 54738 output: [ActionDispatch::HostAuthorization::DefaultResponseApp] Blocked hosts: kra.asaindia.org
App 54738 output: [ActionDispatch::HostAuthorization::DefaultResponseApp] Blocked hosts: kra.asaindia.org
App 54738 output: [ActionDispatch::HostAuthorization::DefaultResponseApp] Blocked hosts: kra.asaindia.org
App 54738 output: [41f71068-1ce9-433d-9336-15a2ff6d7d9b] Started GET "/SDK/webLanguage" for 5.61.209.92 at 2026-01-30 10:39:28 +0000
App 54738 output: [41f71068-1ce9-433d-9336-15a2ff6d7d9b]   
App 54738 output: [41f71068-1ce9-433d-9336-15a2ff6d7d9b] ActionController::RoutingError (No route matches [GET] "/SDK/webLanguage"):
App 54738 output: [41f71068-1ce9-433d-9336-15a2ff6d7d9b]   

[ N 2026-01-30 10:39:53.2593 54659/Ta age/Cor/CoreMain.cpp:659 ]: Signal received. Gracefully shutting down... (send signal 2 more time(s) to force shutdown)
[ N 2026-01-30 10:39:53.2594 54659/T1 age/Cor/CoreMain.cpp:1192 ]: Received command to shutdown gracefully. Waiting until all clients have disconnected...
[ N 2026-01-30 10:39:53.2594 54659/T1 age/Cor/CoreMain.cpp:1093 ]: Checking whether to disconnect long-running connections for process 54738, application /home/deployer/anamika1016 (production)
[ N 2026-01-30 10:39:53.2595 54659/Tb Ser/Server.h:895 ]: [ServerThr.2] Freed 0 spare client objects
[ N 2026-01-30 10:39:53.2595 54659/Ta Ser/Server.h:895 ]: [ServerThr.1] Freed 0 spare client objects
[ N 2026-01-30 10:39:53.2595 54659/Tb Ser/Server.h:552 ]: [ServerThr.2] Shutdown finished
[ N 2026-01-30 10:39:53.2595 54659/Ta Ser/Server.h:552 ]: [ServerThr.1] Shutdown finished
[ N 2026-01-30 10:39:53.2596 54659/Td Ser/Server.h:895 ]: [ApiServer] Freed 0 spare client objects
[ N 2026-01-30 10:39:53.2596 54659/Td Ser/Server.h:552 ]: [ApiServer] Shutdown finished
[ N 2026-01-30 10:39:53.2599 54659/T1 age/Cor/CoreMain.cpp:1093 ]: Checking whether to disconnect long-running connections for process 54738, application /home/deployer/anamika1016 (production)
[ N 2026-01-30 10:40:05.0993 56852/T1 age/Wat/WatchdogMain.cpp:1365 ]: Starting Passenger watchdog...
[ N 2026-01-30 10:40:05.1198 56856/T1 age/Cor/CoreMain.cpp:1284 ]: Starting Passenger core...
[ N 2026-01-30 10:40:05.1200 56856/T1 age/Cor/CoreMain.cpp:245 ]: Passenger core running in multi-application mode.
[ N 2026-01-30 10:40:05.1299 56856/T1 age/Cor/CoreMain.cpp:962 ]: Passenger core online, PID 56856
[ N 2026-01-30 10:40:07.9221 56856/T6 age/Cor/SecurityUpdateChecker.h:519 ]: Security update check: no update found (next check in 24 hours)
App 56928 output: [ActionDispatch::HostAuthorization::DefaultResponseApp] Blocked hosts: 127.0.0.1
App 56928 output: [ActionDispatch::HostAuthorization::DefaultResponseApp] Blocked hosts: kra.asaindia.org

[ N 2026-01-30 10:47:55.9299 56856/T9 age/Cor/CoreMain.cpp:659 ]: Signal received. Gracefully shutting down... (send signal 2 more time(s) to force shutdown)
[ N 2026-01-30 10:47:55.9299 56856/T1 age/Cor/CoreMain.cpp:1192 ]: Received command to shutdown gracefully. Waiting until all clients have disconnected...
[ N 2026-01-30 10:47:55.9300 56856/T1 age/Cor/CoreMain.cpp:1093 ]: Checking whether to disconnect long-running connections for process 56928, application /home/deployer/anamika1016 (production)
[ N 2026-01-30 10:47:55.9301 56856/T9 Ser/Server.h:895 ]: [ServerThr.1] Freed 0 spare client objects
[ N 2026-01-30 10:47:55.9301 56856/T9 Ser/Server.h:552 ]: [ServerThr.1] Shutdown finished
[ N 2026-01-30 10:47:55.9301 56856/Tc Ser/Server.h:895 ]: [ServerThr.2] Freed 0 spare client objects
[ N 2026-01-30 10:47:55.9301 56856/Tc Ser/Server.h:552 ]: [ServerThr.2] Shutdown finished
[ N 2026-01-30 10:47:55.9303 56856/Te Ser/Server.h:895 ]: [ApiServer] Freed 0 spare client objects
[ N 2026-01-30 10:47:55.9303 56856/Te Ser/Server.h:552 ]: [ApiServer] Shutdown finished
[ N 2026-01-30 10:47:55.9304 56856/T1 age/Cor/CoreMain.cpp:1093 ]: Checking whether to disconnect long-running connections for process 56928, application /home/deployer/anamika1016 (production)
